city,income,credit_score,loan_amount,years_employed,points,loan_approved
East Jill,113810,389,39698,27,50.0,False
New Jamesside,44592,729,15446,28,55.0,False
Lake Roberto,33278,584,11189,13,45.0,False
West Melanieview,127196,344,48823,29,50.0,False
Mariastad,66048,496,47174,4,25.0,False
Port Jesseville,62098,689,19217,29,65.0,True
Lake Joseph,59256,373,40920,40,35.0,False
Nelsonside,48289,524,45866,20,25.0,False
Port Leslieview,126530,367,14826,36,55.0,False
Wilkersonmouth,43434,446,18359,8,20.0,False
Hurstfurt,118696,670,15373,8,75.0,True
East Courtneychester,127080,365,26216,24,55.0,False
Lake Jenniferside,146939,573,43006,21,50.0,False
Teresaburgh,101482,819,7973,40,100.0,True
West Kathryn,41395,843,1037,38,80.0,True
Johnbury,107397,380,6613,31,60.0,True
East Donna,85302,469,18370,33,50.0,False
Lake Larry,34165,682,29711,33,50.0,False
New Angelashire,33905,525,1471,4,30.0,False
Port Markhaven,42280,543,19250,31,25.0,False
Sanchezfort,58657,716,13478,6,65.0,True
Shieldston,60495,400,4972,25,50.0,False
East Amanda,96237,443,28648,11,45.0,False
Mortonside,108907,400,4315,34,60.0,True
East Richard,33478,792,15008,25,60.0,True
Bakermouth,103563,592,28722,35,65.0,True
North Beth,56062,362,21552,3,30.0,False
North Susan,123850,382,13178,4,45.0,False
New Johnton,115181,383,28474,37,55.0,False
Johnfurt,121924,434,45019,19,50.0,False
South Christineshire,101426,402,5801,34,60.0,True
East Mikeburgh,84987,748,36600,19,75.0,True
Lake Lisaport,58893,406,9800,16,45.0,False
Juanborough,88878,651,14342,40,65.0,True
North Cynthiaview,107236,345,1232,21,60.0,True
Arnoldchester,66463,309,8331,4,35.0,False
Port Mikeside,136093,451,29166,8,50.0,False
West Jasonbury,143940,405,24178,35,55.0,False
East Michelle,30851,481,28020,1,10.0,False
Phambury,129458,573,11433,6,55.0,False
Port Samantha,135620,658,21000,14,70.0,True
Michelleview,50926,659,43040,32,50.0,False
North Natalieview,121506,482,39049,16,50.0,False
Samuelhaven,85392,418,26244,36,45.0,False
West Ryan,74597,638,41839,20,50.0,False
Elizabethmouth,66421,712,46692,18,60.0,True
Byrdburgh,50379,608,27612,35,50.0,False
Stevenmouth,58221,518,34500,30,35.0,False
West Zacharymouth,130072,395,16392,19,55.0,False
South Cheryl,74118,374,30846,26,35.0,False
Snyderbury,43396,451,43995,0,10.0,False
Robinsonhaven,42156,775,4291,35,70.0,True
Contrerasside,79797,624,30004,39,60.0,True
Merrittfort,42676,760,17986,15,60.0,True
Simsview,77052,750,6077,18,90.0,True
East Edwardfurt,141082,456,47295,13,50.0,False
Brownchester,75082,698,39278,1,50.0,False
West Kennethfurt,109131,729,36272,34,75.0,True
Ryantown,64671,698,23028,25,65.0,True
South Brittanytown,135791,385,43123,27,50.0,False
Murphymouth,35695,634,23118,24,40.0,False
South Andrewside,125647,353,23935,14,55.0,False
East Jamestown,90217,456,16633,8,45.0,False
Lyonsstad,100284,471,40707,38,45.0,False
West Daniel,46361,326,21444,36,25.0,False
North Brittany,79615,548,7678,19,55.0,False
West Amandastad,40328,370,34158,21,25.0,False
Yumouth,102357,456,29540,11,50.0,False
Marshallshire,68427,574,22122,15,40.0,False
Port Steven,138711,688,23046,1,65.0,True
Matthewview,112397,310,34857,12,50.0,False
Lake Thomas,111070,802,30371,1,75.0,True
Elizabethstad,146057,784,37272,33,85.0,True
Jacquelineview,142945,613,17475,14,70.0,True
East Javier,77400,795,19120,37,85.0,True
Port Jamesbury,105674,669,12759,19,70.0,True
New Kellyberg,55203,802,7723,0,70.0,True
North Johnny,122349,789,8476,4,85.0,True
East Edwardshire,39116,611,6582,15,50.0,False
Port Alexandra,36006,761,30014,19,60.0,True
New Susanville,116673,512,41993,13,50.0,False
East Aaronmouth,59871,781,20087,2,65.0,True
Jonesbury,131327,570,41963,37,50.0,False
Lake Edward,67930,572,10321,4,35.0,False
Scottmouth,40458,611,46857,25,40.0,False
New Billchester,142108,630,40564,16,65.0,True
Port Emilyview,60512,341,12481,30,45.0,False
Waltersfort,143571,393,31802,22,55.0,False
West Robert,43238,807,19888,25,65.0,True
Johnnyville,79823,713,34724,0,50.0,False
New Michael,66434,810,41986,28,75.0,True
Samuelfort,89429,424,2891,40,55.0,False
New Rickybury,113320,416,31241,7,45.0,False
Williamview,139328,725,32621,30,80.0,True
Port Chad,77819,724,23274,32,70.0,True
Grimesmouth,51319,795,23618,21,70.0,True
Mollybury,78520,692,16306,26,75.0,True
Hughesberg,76566,807,3426,8,90.0,True
Garciamouth,57460,315,48346,9,30.0,False
Harringtonview,117841,646,41845,25,65.0,True
Finleyfort,64993,336,41465,4,25.0,False
Lake Christopher,121988,400,42533,6,45.0,False
West Lauraport,119593,667,25565,27,70.0,True
East Gregory,114939,691,41613,15,75.0,True
Port Stevenport,39358,461,5840,28,35.0,False
Vaughnmouth,109840,609,14055,24,70.0,True
Baileyport,113227,322,44137,25,50.0,False
New Julieport,52431,535,40784,22,35.0,False
Lake Colton,100010,340,21246,28,55.0,False
Markchester,125568,479,14159,8,50.0,False
Mariaview,62087,793,20342,21,75.0,True
Port Erica,51417,706,37524,23,60.0,True
South Miguelview,90589,690,42847,23,65.0,True
Rosebury,79735,364,42641,29,40.0,False
North Sophia,65382,611,33284,7,45.0,False
Watsonside,113886,729,39491,9,70.0,True
Crosbyview,120198,333,46238,23,50.0,False
Corystad,103000,667,4968,25,75.0,True
Davisborough,58785,321,4314,21,50.0,False
Port Kathyborough,119733,521,16269,21,55.0,False
Micheleberg,72504,433,36403,16,35.0,False
North Michael,140474,543,39591,20,50.0,False
Foxland,130704,787,30378,23,90.0,True
Lake Kristahaven,131711,608,31018,1,55.0,False
South Jennifermouth,37331,375,6294,20,35.0,False
Oscarhaven,60021,601,30734,32,50.0,False
South Shannon,137715,533,28119,21,55.0,False
Ronaldview,34207,683,11003,30,55.0,False
Lake Joanneberg,135518,361,39434,35,50.0,False
Parrishton,71347,594,40348,19,50.0,False
Walkerville,82581,658,37455,23,55.0,False
Bruceside,65093,326,40911,17,35.0,False
Michaelburgh,38675,446,38114,25,25.0,False
Lake Alyssafurt,57653,729,30730,21,60.0,True
North Ericton,149686,383,18832,28,55.0,False
Jasonhaven,104341,416,23621,27,55.0,False
Brandonfurt,144867,356,1503,13,60.0,True
Keithville,124098,307,33596,27,50.0,False
Charleston,71245,746,2228,29,85.0,True
Mckinneychester,57869,596,8548,25,60.0,True
Collierstad,115909,390,29620,6,45.0,False
Harrellmouth,95435,526,22827,10,50.0,False
Port Michael,81856,451,16484,6,45.0,False
East Stephaniefort,145957,775,37944,37,85.0,True
Michellemouth,149871,454,29820,4,45.0,False
West Williamport,114259,772,30616,2,75.0,True
New Brookefurt,90142,773,39032,35,75.0,True
West Cassidy,48726,813,10886,3,65.0,True
New Debbieton,64718,553,47374,28,35.0,False
Paulmouth,48301,353,42345,21,25.0,False
Johnathanberg,62325,641,6341,37,60.0,True
Andersonland,127647,617,37629,24,65.0,True
Lake Ellenhaven,103579,670,2194,23,85.0,True
Leeberg,100644,458,6057,18,60.0,True
Lake Matthewberg,64438,685,11109,10,70.0,True
Lake Samuel,127912,720,24874,15,80.0,True
Youngbury,106622,616,31737,12,65.0,True
Hammondfurt,86155,814,35567,26,80.0,True
Port John,147679,792,25327,35,90.0,True
West Christopherburgh,106484,579,30446,32,50.0,False
Port Shannon,82350,657,2747,26,70.0,True
West Jeffreymouth,77447,401,47838,21,40.0,False
Hortonberg,58746,780,30399,39,70.0,True
New Shelby,48131,840,28738,7,60.0,True
South Danielle,96784,768,5116,7,85.0,True
Lake Douglas,94686,739,1102,39,80.0,True
New Theresaland,41915,838,36656,32,65.0,True
Williamsfurt,129061,682,17623,1,65.0,True
Port Bonniemouth,36175,436,3905,22,35.0,False
Pollardfort,142866,486,9837,4,50.0,False
North Kylie,44371,342,21682,19,25.0,False
Benjaminborough,50033,592,24394,3,40.0,False
Samuelfurt,112240,750,26339,21,90.0,True
Lauriechester,50969,380,29220,38,35.0,False
Donnaport,133819,756,40493,27,85.0,True
Christinachester,119192,581,42908,3,55.0,False
North Douglas,85333,748,3280,8,85.0,True
Herrington,108172,457,45503,28,45.0,False
New Michael,38326,621,43569,17,40.0,False
Holmesside,80432,420,18155,16,50.0,False
Gonzalezberg,80019,375,30625,11,45.0,False
Elizabethland,108104,597,20657,10,70.0,True
Williamville,91348,505,10101,15,50.0,False
Tannerside,99352,432,41104,5,35.0,False
Foxchester,62953,375,9213,20,45.0,False
Davidside,102512,486,9456,27,60.0,True
West Fred,142824,630,47486,14,65.0,True
West Jamesside,31504,581,9203,40,45.0,False
New Shelly,119166,457,12219,39,55.0,False
Port Michelleland,124466,346,43038,36,50.0,False
South Pamelaside,45014,596,43068,19,40.0,False
Lake Brianmouth,119353,725,32735,29,75.0,True
Jessicastad,145970,708,9569,23,85.0,True
West Shannonberg,100381,399,4316,18,60.0,True
Port Mark,128419,620,13440,10,70.0,True
Wagnerbury,64973,520,39230,22,35.0,False
Mitchelltown,130741,410,29241,8,50.0,False
Brandonton,114012,499,24758,35,55.0,False
Marciaville,74587,431,7336,25,50.0,False
Kariborough,44621,821,27305,32,65.0,True
Stoneberg,68469,827,10160,20,85.0,True
Brittneyhaven,86985,821,35887,31,80.0,True
Markville,50730,726,39253,19,60.0,True
New Thomasshire,89470,533,48277,3,30.0,False
Hernandezbury,30425,332,38523,7,20.0,False
Vaughnchester,124646,813,41073,30,90.0,True
New Jared,144799,632,44399,30,65.0,True
Amyview,124329,795,13600,15,90.0,True
Kellieborough,64522,800,21777,30,80.0,True
Keithshire,95612,688,26856,22,70.0,True
Stephanieland,129871,654,29991,16,70.0,True
Sarahview,53416,440,8158,39,45.0,False
Lake Jesse,96542,402,28086,21,45.0,False
New Tiffanyburgh,149619,716,43787,30,75.0,True
Justinton,43947,391,43749,36,25.0,False
East Robertburgh,144100,337,27017,31,55.0,False
Nancytown,111959,605,38221,38,65.0,True
Smallberg,69117,816,31672,17,75.0,True
Wongburgh,140319,314,49274,21,50.0,False
New Melissa,113748,715,29029,32,75.0,True
South Marcus,96540,554,1447,16,55.0,False
Kevinshire,109818,311,18141,23,55.0,False
Erikhaven,56071,618,46238,7,45.0,False
East Susan,50032,789,11039,29,80.0,True
Toddborough,79009,553,45586,38,40.0,False
Christianshire,129943,414,5047,35,60.0,True
West Melissa,51174,752,8617,13,80.0,True
Stokesmouth,100697,435,34636,26,50.0,False
Jenniferfurt,132056,560,1197,13,60.0,True
New Virginialand,99514,783,3079,18,90.0,True
Brooksfurt,30074,759,25739,24,60.0,True
Lake Michelle,108504,421,12696,34,55.0,False
Port Andrewport,72487,774,45138,34,70.0,True
Reedview,94042,493,48515,7,35.0,False
East Jamieville,32552,334,30257,38,25.0,False
South Scottside,44662,522,4699,8,30.0,False
Barbaramouth,77576,542,20776,9,40.0,False
Lake Erika,145175,807,4072,22,100.0,True
Heatherchester,139008,452,20653,24,55.0,False
West Meredith,135745,447,31344,3,45.0,False
South John,70306,508,22644,5,35.0,False
North Joseph,61385,340,5769,12,50.0,False
South Jason,37592,640,20869,0,25.0,False
Rochaborough,61571,706,16684,35,65.0,True
Kylestad,145082,825,33589,29,95.0,True
Robinstad,104364,620,28127,2,55.0,False
Angelashire,40322,727,20345,9,45.0,False
South Andrea,41226,645,17864,31,40.0,False
Lake Laura,125932,473,10172,34,60.0,True
New Arthurland,93699,349,1418,26,55.0,False
North Jeffery,136957,766,25458,3,80.0,True
Hopkinstown,39071,306,35879,35,25.0,False
Andrechester,129693,483,8013,6,55.0,False
Lisaview,99822,706,6178,23,80.0,True
West Gabriella,130379,382,43843,2,40.0,False
Lake Albertburgh,46483,384,33758,27,25.0,False
New Samanthabury,46828,516,46369,36,25.0,False
Rachelshire,116474,333,12754,20,55.0,False
Hickmanport,92296,466,37959,15,40.0,False
Patrickberg,102063,380,33819,22,50.0,False
Cassiefurt,51643,634,2941,40,65.0,True
Angelafurt,64741,742,13172,37,80.0,True
Lake Charles,99163,574,11107,24,50.0,False
Michaelland,144351,305,21202,28,55.0,False
South Shane,109507,824,27741,6,85.0,True
Michelletown,85461,598,28119,24,60.0,True
New Adriana,57760,689,12108,8,65.0,True
South Joshua,100686,606,32734,4,55.0,False
Wheelerborough,128994,768,8010,8,90.0,True
Brockmouth,125673,750,22937,27,90.0,True
West Malik,120422,505,32392,20,50.0,False
Faulknerbury,56365,633,25645,17,50.0,False
New Wendy,123447,484,45676,35,50.0,False
South Lauren,70857,370,27813,31,40.0,False
Lake Rodney,82296,686,5847,28,80.0,True
Stephensstad,118039,849,39916,40,90.0,True
Gabrielton,115180,709,22731,27,80.0,True
South Neil,78944,774,45535,37,75.0,True
Garciachester,87422,387,8606,9,50.0,False
Baileyville,147914,748,48316,28,85.0,True
North Melindaville,97839,468,49528,15,40.0,False
Mullenbury,89177,714,42271,11,65.0,True
South Brittany,45860,698,1291,13,65.0,True
New Cristianside,62493,491,24972,20,40.0,False
Rosemouth,59451,697,41062,25,60.0,True
Port Emily,38392,604,41270,37,40.0,False
Darylstad,74313,444,34477,24,35.0,False
South Cynthia,32757,477,37366,10,25.0,False
Port Michaeltown,107110,796,9947,12,95.0,True
Ortizfort,102603,725,47539,28,70.0,True
Antoniobury,60161,850,19918,10,80.0,True
Dunnville,107128,416,18556,34,55.0,False
Port Jenniferside,58864,523,28862,6,30.0,False
South Joseland,30942,749,8693,15,65.0,True
Martinberg,39305,511,14562,3,20.0,False
West Tiffany,122778,599,19961,36,70.0,True
East Sydneychester,112719,360,19174,8,50.0,False
Mariafurt,37716,801,10317,36,70.0,True
Lake Lauraland,60007,712,34791,17,60.0,True
Murphytown,38834,395,48902,29,25.0,False
Robinsonchester,148675,516,33421,17,55.0,False
New Melissa,34117,651,45731,3,30.0,False
North Sarahburgh,142674,751,30918,0,75.0,True
Erikview,73309,395,43899,23,35.0,False
North Randy,39287,612,48578,14,40.0,False
South Christian,97391,531,35042,28,45.0,False
Bensonfort,61195,372,16004,24,40.0,False
Nicoleberg,66500,691,9725,9,65.0,True
South Michael,117684,518,42161,9,45.0,False
North Peggy,93624,443,9071,37,55.0,False
East Joshua,58080,386,17263,35,40.0,False
Port Melanieport,100678,510,34931,38,50.0,False
Port Rachaelbury,47342,806,26289,7,60.0,True
Davidshire,124811,730,24947,34,80.0,True
North Brendatown,145655,568,15138,2,45.0,False
Courtneyhaven,104847,725,28759,25,75.0,True
Christopherland,105525,823,14316,9,90.0,True
West Hollybury,91953,359,17022,5,45.0,False
West Elizabethburgh,61850,422,1830,8,45.0,False
Garyberg,132841,575,49033,7,45.0,False
Alexandriaview,91993,378,33515,29,45.0,False
West Eric,135840,405,38611,7,45.0,False
East Brandonstad,83354,692,10835,11,75.0,True
Walkerbury,54957,726,48204,20,60.0,True
East Jeffreyhaven,42363,347,27275,4,15.0,False
Markside,42704,767,1522,23,75.0,True
South Micheal,116374,805,13807,34,95.0,True
Johnsonside,86498,654,42677,0,40.0,False
Daltonhaven,76438,543,28513,31,45.0,False
Christopherbury,85519,832,28070,23,85.0,True
Lake Lori,83883,376,39790,36,40.0,False
Josemouth,91213,702,46922,20,65.0,True
East Kimberly,143224,411,11184,6,55.0,False
Tamiborough,125561,762,21205,29,90.0,True
Margaretton,37100,520,22482,9,20.0,False
Lake Kentburgh,118259,331,27502,28,55.0,False
Port Lauraville,115649,312,5041,14,60.0,True
New Brendaland,114696,322,5225,12,60.0,True
Davidmouth,42899,351,12009,36,30.0,False
Vegaburgh,37944,662,15071,11,45.0,False
Lake Kenneth,82772,721,37089,30,65.0,True
Lake Nicole,125448,838,17328,40,95.0,True
Timothyfort,74473,652,38070,32,50.0,False
North Paula,134935,587,4839,30,75.0,True
North John,142941,546,18467,34,55.0,False
New Meghan,44322,697,24252,11,50.0,False
Robintown,62591,660,38201,36,50.0,False
Weaverburgh,55112,802,3487,5,85.0,True
Smithborough,54931,433,23331,11,35.0,False
East Brendaberg,100292,413,35491,23,50.0,False
Willismouth,88800,609,22142,8,60.0,True
Banksburgh,48373,665,15630,37,45.0,False
Davidtown,85296,700,38190,2,55.0,False
Lake Ariana,54050,808,10217,21,85.0,True
Lake Nicole,66509,390,47462,40,35.0,False
East Heather,90637,658,17820,6,60.0,True
Costachester,62742,804,25819,22,75.0,True
East Shannon,144620,334,20327,1,40.0,False
South Eugene,39880,376,36851,5,20.0,False
South Sherriburgh,88082,744,11295,3,75.0,True
Donnaport,135909,543,7285,3,50.0,False
West Adamland,142898,601,44386,40,65.0,True
Lake Kelly,142193,383,32035,7,50.0,False
Christopherside,102132,696,13116,23,80.0,True
Scottview,42833,531,18600,36,25.0,False
Lake Mauriceside,36630,723,39648,14,50.0,False
Sheppardfort,115477,541,32212,19,50.0,False
North Stacy,100855,759,12329,10,90.0,True
Millerchester,139579,506,42105,9,45.0,False
North Paulfurt,31934,633,19101,33,40.0,False
Rodriguezberg,42224,451,38132,37,25.0,False
New Kimberlyport,128771,848,23535,26,95.0,True
Johnsonview,141240,712,10427,39,85.0,True
Hannahton,60982,786,18601,23,75.0,True
Meganville,51798,533,9807,19,45.0,False
Jessicaland,83269,492,29948,13,45.0,False
Lorihaven,93653,462,5300,19,55.0,False
East Jamesborough,93092,359,17350,2,40.0,False
Michealmouth,58016,817,27014,40,75.0,True
Wheelerburgh,143331,785,39461,35,85.0,True
West Anthonyton,82565,466,38503,13,40.0,False
Denisehaven,148284,320,45708,0,35.0,False
East Johnnyport,37685,581,28774,24,40.0,False
Ericafurt,51579,404,1481,32,50.0,False
Kennethville,79672,793,5183,21,90.0,True
Jacobhaven,30282,546,4720,38,35.0,False
Lake Tylerport,81173,565,28431,25,45.0,False
West Jessica,64760,527,45978,34,35.0,False
Williamburgh,132769,485,20253,6,50.0,False
Lake Rachel,132908,391,15565,22,55.0,False
Nathanshire,89638,601,31393,7,55.0,False
South Pamelahaven,67388,422,45610,24,35.0,False
East Victoria,85444,650,27816,36,60.0,True
Port Christopher,121303,640,42355,11,65.0,True
Port Kim,125748,462,33084,5,45.0,False
Sanfordfurt,132676,304,3472,34,60.0,True
Katherinehaven,102845,495,2174,0,45.0,False
Larryville,116752,692,33986,37,75.0,True
Stephenhaven,124163,836,23140,27,95.0,True
Howardborough,93788,468,27436,1,30.0,False
New Williamville,50289,675,47603,2,50.0,False
New Virginiaville,54890,320,4161,7,45.0,False
Milesborough,68890,309,20733,26,40.0,False
South Maria,58534,407,34527,39,35.0,False
New James,37665,569,35284,12,25.0,False
Lozanofort,105914,638,16368,0,55.0,False
Hernandezland,126434,823,5918,6,95.0,True
Josephton,101066,402,12449,2,45.0,False
Rodgersville,37989,346,1633,8,35.0,False
Friedmanview,128038,395,25420,21,55.0,False
Maryfort,71104,731,43522,10,60.0,True
North Robert,37492,794,38286,28,60.0,True
Port Gabrielleberg,36572,794,32989,7,55.0,False
Alexanderhaven,106569,529,44898,21,45.0,False
Stanleybury,92493,793,23659,24,80.0,True
North Dawnburgh,95909,817,31755,31,85.0,True
West Tara,141767,351,34222,14,55.0,False
South Seanshire,99615,758,6768,31,90.0,True
North Richardton,50635,300,6956,38,45.0,False
Lake Emily,37455,649,24812,3,30.0,False
Moranstad,96562,763,8472,6,85.0,True
Amystad,40500,408,4000,10,40.0,False
Cherylborough,141587,423,26748,13,55.0,False
Port Robertshire,54356,426,30524,29,35.0,False
Smithton,38981,743,39346,30,60.0,True
Lake Lisa,107992,406,26389,38,55.0,False
Pettybury,38907,580,27074,21,40.0,False
Morrisonhaven,118501,606,46973,35,65.0,True
East Jason,142960,597,45997,22,65.0,True
New Amy,60828,630,47553,7,45.0,False
Craigside,82923,592,28681,0,45.0,False
East Josephburgh,45713,593,45786,16,40.0,False
Port Amber,146691,667,30661,6,65.0,True
Lake Deborah,104668,698,16571,32,80.0,True
South Paulmouth,62271,355,1849,16,50.0,False
Greerstad,105880,501,48507,12,45.0,False
East Jill,107924,422,25720,2,45.0,False
Adammouth,35209,458,3617,9,30.0,False
Tracyshire,111183,666,5776,20,75.0,True
South Amy,40745,713,7025,22,60.0,True
Kellyhaven,84948,786,37787,0,60.0,True
North Felicia,116163,628,25993,7,65.0,True
Williehaven,106503,756,32903,2,75.0,True
North Garyside,104085,846,1480,40,100.0,True
Houstonborough,98522,850,47054,27,80.0,True
North Stephen,71467,639,3482,5,60.0,True
New Lorraineview,64179,717,26430,28,60.0,True
New Adamland,56772,346,46933,4,25.0,False
Catherineport,117782,748,25996,25,90.0,True
East Julie,123872,602,42552,9,60.0,True
Susantown,71180,444,9076,2,35.0,False
West Jasonstad,61285,516,28043,32,35.0,False
Jamesburgh,64814,355,36969,29,35.0,False
Coreyshire,81876,798,22682,22,80.0,True
East Louismouth,47154,636,41392,19,40.0,False
Susanburgh,118039,304,21526,15,55.0,False
Maryberg,114607,639,32454,29,65.0,True
East Debbieland,69321,587,10175,34,60.0,True
North Melissatown,89929,714,39668,13,65.0,True
Valdezberg,71441,674,26722,14,65.0,True
South Walter,128548,392,27003,23,55.0,False
Port Willie,39508,756,11434,11,65.0,True
Lake Jessica,31220,667,3648,14,50.0,False
North Elizabeth,90068,830,24674,24,85.0,True
Dakotahaven,111416,580,49621,16,60.0,True
Diazland,103792,829,17487,24,95.0,True
Tommyfort,43104,306,33888,8,20.0,False
Jasonburgh,39602,461,24738,38,25.0,False
Jenniferfort,100468,790,32393,13,85.0,True
North David,57938,464,9829,40,45.0,False
West Sandra,96307,829,27571,38,85.0,True
Staceyborough,64760,759,40749,30,70.0,True
Port Brandi,47361,486,41842,32,25.0,False
Carlsonland,75745,535,25786,24,45.0,False
Serranoville,145456,481,32186,39,55.0,False
North Timothyberg,39016,301,45470,27,25.0,False
Perezfort,145247,690,23971,37,80.0,True
South Dennisfort,62018,538,6493,18,45.0,False
Lake Juliatown,78434,835,8722,33,90.0,True
Robertville,67353,458,28923,37,35.0,False
Cherylfurt,50676,508,28081,35,35.0,False
Kingport,87433,652,47235,25,55.0,False
South Krista,139280,465,7571,13,60.0,True
East Paultown,101200,393,10524,30,55.0,False
Ariasfurt,122214,833,19774,38,95.0,True
Gonzalesborough,69651,830,19743,12,80.0,True
New Gavin,110173,336,24575,15,55.0,False
Kimberlystad,135788,704,27571,37,80.0,True
New Justinside,115717,656,23772,17,70.0,True
Andrewsview,99329,479,27681,32,45.0,False
Port Williamview,31025,850,38676,16,65.0,True
Port Matthew,117538,769,45668,29,85.0,True
Carlosbury,137099,535,21691,26,55.0,False
Johnland,102692,708,45151,21,70.0,True
Jefferyshire,69240,575,12978,12,45.0,False
Port John,116951,664,11223,6,70.0,True
Austinside,43577,343,32607,23,25.0,False
Travishaven,145097,586,27075,14,70.0,True
Mendozaside,47601,333,33930,22,25.0,False
Lake Aprilmouth,64664,308,1774,13,50.0,False
Jacobview,45129,542,18655,30,25.0,False
Clarkstad,146616,673,27253,17,80.0,True
Port Cory,44029,576,16453,35,30.0,False
South Linda,127310,480,28624,31,55.0,False
Kristenport,102512,556,37840,36,50.0,False
Port Jonathan,50374,398,30481,21,35.0,False
Mauricechester,65697,424,24009,38,40.0,False
Port Justin,66930,632,45118,32,50.0,False
Stevenberg,109276,471,42981,21,50.0,False
North Fernandobury,57607,621,21766,18,55.0,False
Normanstad,124058,833,30510,26,95.0,True
Lake Johnathan,74942,381,14800,10,45.0,False
Kelleytown,56685,706,35339,5,55.0,False
Parkerbury,120111,590,30042,40,65.0,True
Lake Michaelmouth,113130,787,31617,34,85.0,True
New Carla,141792,745,35305,40,90.0,True
Port Christopher,64600,615,24971,26,55.0,False
West Justin,96244,847,1545,31,95.0,True
Yatesbury,94032,307,36927,23,45.0,False
East Jennifer,62914,699,25796,14,60.0,True
Justinside,148664,575,28060,12,55.0,False
Williamsonview,149034,803,13306,20,100.0,True
North Julian,140900,428,47871,28,50.0,False
Robinsonchester,36658,619,33662,23,40.0,False
North Joseph,42097,701,5678,34,60.0,True
Claytonville,113136,554,26218,28,55.0,False
New Elizabethborough,85518,784,26501,19,80.0,True
West Timothyport,138704,503,24620,3,45.0,False
Nguyenburgh,66265,582,39318,7,45.0,False
Barkerberg,35778,680,6864,15,60.0,True
North Michaelberg,30464,849,8038,8,65.0,True
Lindamouth,73719,497,2399,24,50.0,False
Mannside,131072,601,36568,31,65.0,True
Hillside,47146,464,5513,33,35.0,False
Shawnhaven,113507,688,49080,11,70.0,True
West Jennifer,64335,696,13443,33,70.0,True
Marcusmouth,51178,413,7308,33,45.0,False
Port Anthony,127154,409,32809,12,50.0,False
Foxshire,87912,562,4216,23,55.0,False
Lake Travis,102309,381,31674,40,50.0,False
Shortton,122493,572,35669,2,40.0,False
New Colton,86057,536,35842,24,40.0,False
New Kara,103519,725,49896,6,65.0,True
Andradeburgh,31267,484,37042,25,25.0,False
Mahoneymouth,44663,632,25361,26,40.0,False
New Amy,39862,684,37060,16,50.0,False
Lake Austinport,145750,316,34922,8,50.0,False
Andrewview,120573,823,37459,36,90.0,True
Ericview,148479,675,39152,15,75.0,True
Carrollborough,49536,379,48420,20,25.0,False
New Dawnton,101511,690,6143,3,75.0,True
Butlerville,34722,532,49999,38,25.0,False
West Alicemouth,139392,453,22419,32,55.0,False
Maddoxshire,78393,816,6903,14,95.0,True
Christophershire,106350,350,36923,25,50.0,False
Port Dennis,102420,502,32972,25,50.0,False
East Charles,49410,740,22195,36,60.0,True
Jamesstad,86333,324,20976,10,50.0,False
South Brady,46704,539,14086,23,30.0,False
East Stacyberg,35482,594,1900,21,55.0,False
West Jasonside,70404,516,14356,34,45.0,False
Lake Holly,77795,318,25681,37,45.0,False
West Jamesview,147831,354,31471,0,40.0,False
Michelletown,134349,599,43559,24,65.0,True
West Toddside,142814,390,13217,12,60.0,True
North Johnhaven,35229,612,22860,31,40.0,False
Michaelport,147823,541,33850,17,55.0,False
New Stacybury,76898,455,23399,25,45.0,False
South John,57535,456,28948,19,35.0,False
Lake Dillon,119399,507,10051,19,60.0,True
Forbesberg,62706,461,21807,4,30.0,False
Maryberg,117416,330,21885,26,55.0,False
Edwinborough,43473,409,9620,11,35.0,False
New Jesse,76357,326,24544,5,40.0,False
Josephstad,132251,488,26392,31,55.0,False
Durantown,103385,576,28069,14,50.0,False
East Saramouth,145885,801,46079,20,90.0,True
New Jillfurt,144650,620,26831,39,70.0,True
New Danielmouth,83264,343,17103,33,50.0,False
Blackton,111351,494,20082,28,55.0,False
Jacksonport,128235,355,46216,33,50.0,False
Lake Vincentburgh,50257,438,26760,26,35.0,False
South Christopher,61029,631,46332,10,50.0,False
Waltersland,143325,836,47352,24,90.0,True
South Andrea,51299,344,12199,21,45.0,False
East Kayla,134842,352,28497,19,55.0,False
North Rachel,136269,507,1231,39,60.0,True
Stephenstown,53206,805,16589,13,80.0,True
New Carolbury,145528,584,41616,40,65.0,True
North Denise,84040,337,10527,2,40.0,False
North Danielburgh,33248,465,45046,18,25.0,False
South Kara,53509,668,3348,5,60.0,True
Port Ronaldside,126542,366,20191,30,55.0,False
Warrenborough,73540,359,8163,36,45.0,False
Ramseyport,132548,737,40901,20,75.0,True
New Anna,83964,832,48787,40,80.0,True
North David,135150,776,41990,7,80.0,True
Gutierrezmouth,117806,658,37727,40,65.0,True
Kristyport,143254,607,34206,35,70.0,True
Randyshire,126345,329,12510,12,60.0,True
Roblesberg,136266,793,11183,40,95.0,True
Bowerschester,62527,357,35149,19,35.0,False
East Barbaramouth,64970,662,5339,9,60.0,True
New Catherine,50866,491,40006,7,30.0,False
Jenniferview,133202,723,6688,31,85.0,True
Javierport,121917,479,8355,23,60.0,True
Hunterfort,44168,812,11097,12,70.0,True
Kimberlyberg,80140,400,34826,8,35.0,False
North Larryton,144316,389,22842,29,55.0,False
Andrewport,35075,514,22029,12,25.0,False
Lambertview,142537,452,11321,17,60.0,True
East Amyside,91694,626,18763,9,60.0,True
North Larry,59154,646,36427,28,50.0,False
North Patrickland,56158,736,26684,11,60.0,True
Jensenport,137031,640,13985,34,70.0,True
North Lisa,90332,779,7374,29,90.0,True
Hallbury,75830,447,41431,16,40.0,False
Kristinamouth,70001,764,32949,1,55.0,False
West Katrina,137549,430,34288,6,50.0,False
Port Kevinmouth,134247,710,39701,26,75.0,True
Reyesmouth,144206,513,46485,37,50.0,False
Amybury,59831,477,44424,4,25.0,False
New Caitlinmouth,59219,399,30177,11,35.0,False
Murphyton,33101,392,15261,8,20.0,False
Port Dwayneberg,116511,763,35816,18,85.0,True
Kevinport,55313,745,48041,22,70.0,True
Port Kelly,82227,678,36971,3,55.0,False
Port Juliantown,73025,540,29292,37,35.0,False
Grahamborough,66517,477,32121,8,30.0,False
Mooreberg,143292,437,1760,4,50.0,False
Proctorberg,39099,386,9992,26,30.0,False
Hansonmouth,131361,821,28795,35,95.0,True
Jacobsshire,66585,810,48901,15,75.0,True
Arthurton,76025,794,47195,23,75.0,True
Lake Jessica,114080,586,31470,33,65.0,True
Mccoyland,96768,619,41176,3,45.0,False
Huntfort,82386,639,28591,22,60.0,True
Bryanfort,119065,473,38542,3,40.0,False
West Toddberg,140580,817,6037,17,100.0,True
Alexisville,100282,478,39782,9,45.0,False
South Henry,73404,840,3168,21,90.0,True
Mullinschester,33617,692,16594,28,50.0,False
Brianview,45118,418,4442,10,40.0,False
South Frances,144955,699,32102,16,80.0,True
Reyesmouth,64237,842,45752,2,65.0,True
Bishopview,53405,643,18716,17,55.0,False
Mejiabury,106099,499,35075,21,50.0,False
Lake Alanland,64795,312,27951,6,30.0,False
Johnathanton,35014,324,41592,5,20.0,False
New Danielle,44208,422,6661,38,35.0,False
North Heather,108193,559,20304,29,55.0,False
Kaylamouth,86959,563,11614,4,40.0,False
West Stephanieview,75309,482,29873,4,35.0,False
Rodriguezside,125491,741,15312,39,90.0,True
North Charlesshire,133078,556,30221,1,40.0,False
Lake Peterberg,71114,637,26646,36,55.0,False
Grahamland,87199,531,1216,24,55.0,False
Mathewport,109457,710,4617,40,85.0,True
Christophermouth,97033,596,43453,12,55.0,False
West Heather,45157,409,42328,22,25.0,False
East Anthonyshire,80488,544,33062,24,40.0,False
Levytown,147899,337,23235,3,45.0,False
Port Desiree,105574,835,31039,34,90.0,True
Lake Donaldtown,54914,782,41525,2,60.0,True
West Loriville,63386,767,41057,10,70.0,True
South Brookebury,35817,364,14280,27,30.0,False
Nguyenshire,122901,440,22075,13,55.0,False
West Donaldchester,87154,472,46632,23,40.0,False
East Craigfurt,30221,461,2024,31,40.0,False
Robertfort,98146,429,14510,9,45.0,False
New Heather,135710,484,48002,31,50.0,False
Michaeltown,100575,541,13576,7,50.0,False
South Kaylee,120027,513,19115,3,45.0,False
Jimenezburgh,124297,344,4540,23,60.0,True
Williamston,127248,850,12526,10,100.0,True
Lake Sean,126605,633,28463,12,70.0,True
West Jeremybury,117900,722,14104,24,80.0,True
South Dustinmouth,55825,482,26384,23,35.0,False
Jamesberg,77739,332,46364,36,40.0,False
Barnesmouth,86531,525,20343,38,50.0,False
New Tara,39171,535,6667,26,35.0,False
Hoodview,117062,314,48842,27,45.0,False
New Sophia,73279,305,28379,2,30.0,False
South Amandafort,111678,400,30651,31,50.0,False
Dodsonberg,71145,667,20384,15,55.0,False
Evanmouth,116951,324,30808,29,50.0,False
Courtneytown,141151,372,26223,21,55.0,False
Port Gail,46334,643,49218,3,30.0,False
North Patrickmouth,124339,341,24958,23,55.0,False
East Tina,147970,544,36365,7,50.0,False
Port Julie,69363,530,22001,22,40.0,False
North Nathanmouth,96469,797,33863,33,80.0,True
Shannonstad,70538,367,13343,29,45.0,False
North Fredville,117410,451,33527,9,45.0,False
Robertside,83528,435,32057,22,45.0,False
North Andrew,72753,537,35053,21,35.0,False
Toddhaven,82743,755,31015,19,80.0,True
Jeremystad,121384,595,4101,9,70.0,True
Lake Amanda,68752,486,12492,9,40.0,False
South Jorge,102667,488,14445,35,55.0,False
West Shane,46683,466,35972,19,25.0,False
South Sarah,55144,459,1281,34,50.0,False
Kempshire,85108,450,38043,28,40.0,False
South Christinabury,117153,756,24422,5,85.0,True
Port Shari,79695,584,13826,1,50.0,False
New Prestonfort,118777,625,40529,38,65.0,True
Hernandezchester,128059,678,26304,23,80.0,True
Sawyerland,148332,520,48700,28,50.0,False
Port Jessica,52810,734,48749,26,60.0,True
West Thomas,110676,837,22981,4,85.0,True
South Danielleview,104593,724,12461,35,80.0,True
East Marisa,69446,596,37298,31,50.0,False
Troymouth,83225,529,2758,0,40.0,False
Martinezport,101819,727,12755,31,80.0,True
Trevorland,139278,670,39080,30,75.0,True
Mccannville,30053,682,34588,36,50.0,False
West Steven,69829,438,24421,10,40.0,False
Brandonport,67606,842,42873,4,65.0,True
New Karenside,57549,630,21723,19,55.0,False
Madelinetown,86346,440,34958,18,40.0,False
North Jeffery,132990,815,15490,12,95.0,True
South Stevenland,106019,419,9600,1,45.0,False
Prestonhaven,109516,650,12285,19,70.0,True
Lake Jeremy,115813,428,14752,8,50.0,False
Port Toddchester,72237,343,13868,6,40.0,False
Wilsonview,90946,344,5341,19,55.0,False
New Rachel,87905,489,44948,22,40.0,False
Stacystad,87954,660,11522,32,65.0,True
North Loritown,118555,841,15221,12,95.0,True
Lake Coreyborough,58010,816,47383,30,75.0,True
East Maryfurt,97000,734,15042,32,75.0,True
South Danielberg,92021,807,24674,18,85.0,True
South Justinport,134036,754,15802,35,90.0,True
Port Leahstad,148119,483,1837,31,60.0,True
North Douglasfurt,134336,404,49590,10,50.0,False
Martinezchester,126463,811,19252,37,95.0,True
Kellyfurt,52241,796,34516,17,70.0,True
Crawfordberg,116356,330,7527,3,50.0,False
South Cassandra,41114,634,11009,19,45.0,False
Sparksborough,67196,600,44390,31,50.0,False
Port Anthonychester,97561,421,26141,28,45.0,False
East Angelaport,117012,468,33209,27,50.0,False
New Emilyside,112960,781,32189,35,85.0,True
Garzafurt,111167,661,19640,20,70.0,True
Michaelshire,73933,327,41970,21,35.0,False
Bellbury,42240,553,16376,19,30.0,False
Dannyburgh,137272,320,36285,20,50.0,False
Adamsfort,128453,322,21743,24,55.0,False
Garciaborough,60784,644,33553,32,50.0,False
Michaelchester,118184,506,33568,40,50.0,False
West Joseph,70687,604,38586,25,50.0,False
New Matthewland,59444,843,32147,27,75.0,True
Williamport,135717,743,44480,34,85.0,True
Powersside,56100,484,2219,40,50.0,False
Lake Suzanne,49313,778,18559,40,65.0,True
Michaelton,33201,834,14149,23,65.0,True
Meganchester,36057,626,5222,40,50.0,False
West Gloria,62092,541,27598,15,35.0,False
Stevenside,92277,746,28657,2,70.0,True
Donnaburgh,110120,343,48348,31,45.0,False
Carolynland,141376,716,24818,5,75.0,True
North Ashley,130727,812,8906,33,100.0,True
Tylerland,39545,543,40309,7,20.0,False
Shafferbury,89692,733,15287,9,70.0,True
Kingshire,84321,357,33136,34,45.0,False
Wellsbury,146147,584,10496,23,75.0,True
Port Joditon,112544,545,17579,35,55.0,False
New Michellemouth,105454,697,1515,25,85.0,True
West Jason,55485,464,29760,40,35.0,False
West Michellefort,124155,782,49296,26,85.0,True
Port Ethanview,121272,818,5349,22,100.0,True
Shawntown,80328,353,43033,11,40.0,False
Gonzalezport,94799,621,38736,5,50.0,False
Port Brooke,82383,720,21932,28,70.0,True
Laurenborough,61979,386,28164,23,35.0,False
North Stacy,49342,534,6831,29,35.0,False
Williamsonview,115990,452,6836,23,60.0,True
Ayalamouth,120128,806,8766,14,100.0,True
Keithfort,30726,691,9532,27,55.0,False
Jessicaborough,147002,728,12820,26,85.0,True
New Shannon,128430,554,25224,37,55.0,False
Port Marcus,142779,707,46013,13,75.0,True
Charlesside,130931,360,4415,21,60.0,True
North Jonfurt,146059,609,26866,23,70.0,True
West Geoffrey,43970,804,23228,29,65.0,True
West Darryl,132029,345,9380,31,60.0,True
Campbellview,85724,570,34880,20,40.0,False
Gallagherberg,58683,750,4487,12,85.0,True
Williamsstad,53053,796,30999,31,70.0,True
Claytonport,135396,484,12029,32,60.0,True
New Whitney,121214,304,35472,36,50.0,False
Rhodesmouth,97889,326,19630,7,45.0,False
Ericland,90889,771,47380,30,75.0,True
West Taramouth,36582,632,48942,36,40.0,False
Marcuston,103060,372,36858,38,50.0,False
Davisborough,62662,466,26460,25,35.0,False
West Travischester,141193,617,45889,38,65.0,True
South Sean,45906,697,32223,17,50.0,False
Christinachester,89829,736,7091,2,70.0,True
South Alison,47477,837,6503,18,75.0,True
Edgarberg,135043,607,17295,33,70.0,True
New Danielchester,90901,722,7192,29,80.0,True
Brendahaven,117500,316,8466,29,60.0,True
South Nancyport,99616,621,39483,29,60.0,True
Tammyburgh,103259,516,13129,5,50.0,False
South Amandatown,108047,704,8646,0,70.0,True
Turnerstad,71588,704,20834,5,60.0,True
Lake Taratown,128992,514,32530,9,45.0,False
North Kevin,146840,774,10710,30,95.0,True
Maynardfort,88008,320,30459,37,45.0,False
Williamstown,110301,405,42314,27,50.0,False
Benjaminfurt,136824,797,34643,37,85.0,True
Hallton,124276,840,2246,27,100.0,True
Smallville,146918,806,41809,22,90.0,True
South Maurice,96162,537,34268,14,45.0,False
Andersonport,85933,699,28319,23,70.0,True
West Hannah,138864,388,44716,30,50.0,False
Port Robertfort,148863,610,16382,13,70.0,True
Michaelburgh,101810,478,33995,2,40.0,False
North Anna,88446,798,17896,21,85.0,True
Paulahaven,147598,406,47294,3,40.0,False
North Kimberlyville,50861,342,34246,6,30.0,False
Ericport,127472,752,34154,31,85.0,True
Loriville,142917,506,29777,26,55.0,False
Petersonhaven,92216,475,6585,17,55.0,False
East Karen,88991,842,28637,14,85.0,True
Cranehaven,63972,670,2950,28,75.0,True
North Matthewfurt,128536,468,29447,3,45.0,False
New Brian,62406,832,20380,26,80.0,True
Jennifermouth,140082,652,1517,17,75.0,True
Griffinborough,113579,752,46709,22,80.0,True
West Christopher,66347,850,22921,24,80.0,True
Jasonhaven,130376,619,35166,21,65.0,True
Johnport,131931,732,34113,7,70.0,True
Davidville,98327,759,20527,36,85.0,True
West Kevin,93517,443,47815,24,40.0,False
East Jenniferchester,112149,383,7045,3,50.0,False
West Ericafurt,61358,831,26872,16,75.0,True
Dennischester,65992,466,10459,32,45.0,False
Lake Jasonfort,87654,333,49922,10,40.0,False
Rodriguezstad,40155,596,3639,33,55.0,False
Kellytown,123525,446,10315,37,60.0,True
Jasonfort,67450,302,9016,35,45.0,False
Arielmouth,60735,686,32144,38,60.0,True
Contrerasberg,65614,633,6853,39,60.0,True
Morganton,74020,753,49228,17,70.0,True
Annville,71904,387,13610,39,45.0,False
Port Thomas,147050,319,8882,34,60.0,True
Port Janice,100798,754,6547,34,95.0,True
West Samuelchester,40561,324,35596,20,25.0,False
West Douglas,48136,561,6873,9,30.0,False
Howardton,49769,605,26555,6,35.0,False
Davidville,60311,353,14274,15,45.0,False
Averyview,80205,362,21862,29,45.0,False
North Joseph,120957,403,17142,35,55.0,False
Millerhaven,50028,508,10330,23,45.0,False
Aliside,122591,762,3738,0,80.0,True
North Brian,58043,793,18911,38,75.0,True
New Mary,38418,588,3980,10,50.0,False
Haleberg,84377,586,29309,13,60.0,True
Cynthiamouth,83424,579,17117,20,50.0,False
Lake Dennistown,73369,787,1280,0,70.0,True
Farmerside,101121,383,43539,4,35.0,False
Chambersstad,91069,685,40407,22,65.0,True
North Stevenborough,84496,755,1613,14,90.0,True
Jamesport,38161,526,16352,31,25.0,False
North James,57110,705,8270,17,70.0,True
North Brianna,139168,366,9351,16,60.0,True
Jamestown,85069,845,41269,16,80.0,True
Davidsonton,81049,630,29347,26,60.0,True
Zacharyton,148598,529,4077,17,60.0,True
Leeland,130898,325,49329,14,50.0,False
East Frank,106556,618,5118,40,75.0,True
New Lauramouth,121163,556,17197,6,50.0,False
Aprilbury,32560,374,40319,39,25.0,False
North Territon,142293,686,21531,4,70.0,True
West Cherylchester,145429,367,7673,3,50.0,False
New Karenbury,130348,310,30714,24,55.0,False
West Debratown,105456,764,34896,21,85.0,True
New Kristineborough,79857,429,42770,32,40.0,False
Lopezberg,92518,345,4964,8,50.0,False
Larryside,30772,449,10660,30,30.0,False
New Brendaberg,76105,358,16557,32,50.0,False
Jamesborough,69139,506,5482,21,50.0,False
Christinachester,128759,636,11635,6,70.0,True
North Danielle,81116,535,31574,39,45.0,False
Lindsayfurt,141863,510,27234,11,55.0,False
Anthonyville,146869,445,20043,28,55.0,False
North Jamesport,139540,478,15348,16,55.0,False
East Andrew,84921,568,7631,1,40.0,False
West Sharonport,100545,767,16738,23,90.0,True
Johnsland,127978,421,10465,8,55.0,False
Louischester,126289,550,4027,39,60.0,True
West John,101582,586,9287,32,75.0,True
Port Thomasland,134840,471,34332,24,50.0,False
Stoneburgh,109069,629,47693,23,60.0,True
Adamsfurt,147677,337,14579,14,60.0,True
West Ronald,58906,686,38445,10,60.0,True
Port Christopher,93993,755,35001,22,80.0,True
Ronaldmouth,58760,742,27801,23,70.0,True
South Jesus,65774,377,24533,5,35.0,False
Port Joshuabury,87125,400,8771,4,40.0,False
Johnview,93654,495,47244,38,40.0,False
Port Kevinstad,33804,713,27591,37,50.0,False
Port Raymond,80968,532,48404,13,40.0,False
Sharpmouth,74057,648,6627,20,65.0,True
Clarkmouth,117670,330,25556,8,50.0,False
South Lisastad,119016,647,15777,26,70.0,True
Marktown,134614,332,10118,9,55.0,False
Bairdborough,82994,700,5175,34,80.0,True
Fowlerport,124919,395,12234,6,55.0,False
Johnsonborough,51632,371,26289,18,35.0,False
Brownhaven,140166,311,12260,20,60.0,True
East Amandafort,91261,370,26493,13,45.0,False
Mooreshire,46728,617,39501,12,40.0,False
East Seanfurt,111560,552,35462,21,50.0,False
Lake Christophermouth,100008,655,46895,19,60.0,True
Wrightchester,33534,768,26209,11,60.0,True
East Nicoleburgh,148872,580,42162,34,65.0,True
South Robert,81645,424,25165,4,35.0,False
Hayesview,107580,512,34165,2,40.0,False
Jamesfurt,103975,499,26996,2,40.0,False
Ellenmouth,116900,796,31235,4,75.0,True
Taylorview,33552,465,12179,1,15.0,False
Jacksontown,41003,579,11059,28,30.0,False
South Heather,114246,835,43009,6,85.0,True
North Kelseyborough,86179,555,25552,15,45.0,False
West Loriland,47786,525,7330,10,35.0,False
Marcusborough,143619,512,36501,25,50.0,False
Marcustown,90515,711,43860,20,65.0,True
Debrastad,53819,344,5412,13,45.0,False
Lake Amandashire,36590,475,17511,6,20.0,False
West Gregory,64099,625,44671,30,50.0,False
Reyesbury,79689,815,39500,0,65.0,True
Joelchester,72906,549,41616,5,30.0,False
South James,57742,338,16601,38,40.0,False
Dawnton,89598,833,28190,18,85.0,True
Johnside,72840,355,44581,15,35.0,False
Boydburgh,74236,752,42273,0,55.0,False
Lake Victoriaborough,129775,428,7013,11,60.0,True
New Christian,145296,778,21412,10,90.0,True
West Justin,79692,759,42654,12,75.0,True
Raymondburgh,66471,782,29926,27,70.0,True
Smithfurt,128567,737,6454,19,85.0,True
Oscarport,139041,764,19561,24,90.0,True
Gonzalezborough,85255,304,1841,32,55.0,False
Bentleystad,63065,693,33083,19,60.0,True
North Paulshire,139433,466,13728,27,60.0,True
Williamfort,40735,677,46642,3,40.0,False
South Austin,91644,670,42350,1,50.0,False
Blackburnberg,32540,560,17214,38,25.0,False
Port Christopherfurt,128176,707,47272,37,75.0,True
Martinchester,100702,558,46340,19,45.0,False
Jessicaland,36826,411,42692,36,25.0,False
Lake Raymond,75870,615,1420,10,70.0,True
Warrenport,59389,741,12182,11,80.0,True
New Stacy,115215,761,38164,13,85.0,True
West Tonya,38993,718,29883,40,50.0,False
West Christopherville,132397,583,5211,21,75.0,True
North Brucetown,115426,342,7346,13,60.0,True
Sarahfort,35276,645,40608,27,40.0,False
Lisastad,128858,708,25801,39,80.0,True
North Stephenfurt,34067,442,2682,38,40.0,False
West Shannon,62411,786,34745,26,70.0,True
Allenstad,56130,346,49222,20,35.0,False
West Ronniefort,139999,402,49121,24,50.0,False
East Tylerland,32671,608,45109,35,40.0,False
Batesbury,111439,549,14870,10,55.0,False
Holdertown,49973,464,22397,24,25.0,False
Lynnville,61266,439,36031,40,35.0,False
New Katie,46544,366,43204,21,25.0,False
Valdezside,92070,747,16293,14,85.0,True
Joyborough,117747,418,38541,23,50.0,False
West Bryanside,44993,494,26437,27,25.0,False
New Elizabeth,103920,527,7985,25,60.0,True
Maryfort,58569,766,10661,38,80.0,True
New Lukehaven,90952,426,18920,36,50.0,False
Brownmouth,121680,456,47973,13,50.0,False
Port Kimberlyfort,63586,701,20601,10,65.0,True
Katherinefurt,130518,373,35592,18,50.0,False
Davismouth,78351,355,47503,19,40.0,False
Carterberg,51992,514,15295,12,40.0,False
Lake Kristenberg,109415,685,28991,10,75.0,True
North David,109593,827,43604,21,90.0,True
Sanchezville,128032,546,26994,31,55.0,False
Parsonsland,124156,774,43618,24,85.0,True
North Christopherfort,45012,821,15741,1,55.0,False
Port Brittanyfurt,131946,795,43244,27,85.0,True
South Lisa,137387,320,26807,35,55.0,False
New Maryside,51465,427,14596,7,35.0,False
Mcbrideville,70768,340,9442,36,45.0,False
North Tinahaven,44168,605,24826,34,40.0,False
West Brandon,105849,831,20228,34,95.0,True
Catherinehaven,33365,514,46084,6,20.0,False
West Melissa,70888,520,9795,38,45.0,False
Jonesview,105470,566,26020,10,55.0,False
Bentleyberg,118781,848,14353,4,85.0,True
Lake Nathan,149016,823,40645,10,90.0,True
Graybury,79192,379,18702,7,45.0,False
Daniellestad,81990,641,18907,9,60.0,True
Pettybury,123718,687,7881,7,80.0,True
Davisstad,55995,588,37145,17,50.0,False
Whiteside,39961,712,32251,37,50.0,False
Lake David,107607,687,38195,17,75.0,True
Lake Charlotte,120520,768,12999,28,90.0,True
Meyerbury,138864,612,42656,5,60.0,True
Lake Christopherbury,112213,395,11820,36,55.0,False
Stokestown,61830,734,45370,32,60.0,True
South Alexanderborough,43356,307,47803,27,25.0,False
New Shaneburgh,121382,836,15750,11,95.0,True
South Tylerburgh,131250,682,8420,21,85.0,True
West Kevinport,69529,571,14963,0,30.0,False
Sarahhaven,141449,336,31346,39,55.0,False
Murphystad,119687,409,1337,22,60.0,True
South Travisland,108697,841,34706,9,85.0,True
Jeremyfurt,135582,683,20613,23,80.0,True
South Dianamouth,45866,465,10166,22,35.0,False
North Jake,134363,341,9760,25,60.0,True
South Susan,104177,572,8785,26,60.0,True
Shawfurt,132581,434,8191,6,55.0,False
Port Gabrielleton,35383,650,29158,38,40.0,False
Millerchester,75508,553,41475,9,35.0,False
Port Josephbury,99827,739,14003,30,75.0,True
East Victoria,86148,452,16032,7,45.0,False
South Andres,116706,504,6959,3,50.0,False
East Matthew,78571,790,5020,32,90.0,True
Juanstad,39038,728,17185,20,50.0,False
Jasonfort,96317,586,40749,6,50.0,False
Kevinville,114874,313,45758,35,50.0,False
Juliashire,74725,841,40630,23,75.0,True
North Davidville,31658,342,39440,12,25.0,False
Kevinfort,141355,506,35967,9,45.0,False
Patriciaside,85057,655,24986,28,60.0,True
Barneshaven,137784,322,11940,38,60.0,True
Port Teresaborough,94251,707,33442,34,70.0,True
Hartfurt,43833,710,40794,17,50.0,False
Port Williamhaven,86822,837,17962,19,90.0,True
East Jeffreyside,77472,543,20126,2,35.0,False
West Morgan,113307,352,43101,15,50.0,False
Markside,146860,570,48322,8,45.0,False
Lake Lisastad,138620,524,48872,17,50.0,False
Lake Juliefurt,90258,563,42040,40,40.0,False
Josephshire,122708,704,11200,28,85.0,True
Davisburgh,50052,770,13125,11,75.0,True
Andrewburgh,87080,481,26834,38,45.0,False
Stoutfurt,53086,402,48468,33,35.0,False
South Patrickville,126180,313,43236,2,40.0,False
Port Tammyville,98386,646,47363,5,50.0,False
Ochoaport,115256,639,32385,9,60.0,True
North Malloryville,65400,603,7721,32,60.0,True
North Jeremy,110728,694,10658,22,85.0,True
Mcdanielville,135932,803,12112,7,95.0,True
New Matthewstad,100539,386,3840,38,60.0,True
Lake Ronald,131533,608,41944,18,65.0,True
Sarahland,93372,302,10741,9,45.0,False
Briggsville,90931,737,48625,17,65.0,True
Gomezfort,87091,734,32541,26,70.0,True
South Robert,138230,809,36307,34,90.0,True
Rosebury,125817,389,16413,23,55.0,False
Rosarioville,107656,361,23894,23,55.0,False
Stevenside,65179,731,16892,13,65.0,True
South Jessica,72245,734,25358,3,55.0,False
North Dylan,141635,444,6176,15,60.0,True
Port Ian,62177,443,35566,19,35.0,False
West Danielton,138885,332,40595,11,50.0,False
Spencerview,41359,813,21056,14,65.0,True
Spenceberg,66559,516,27240,39,35.0,False
Port Heatherfort,145557,620,43775,25,65.0,True
Leeville,89087,406,6099,23,55.0,False
Franciscoville,61963,366,14887,38,45.0,False
Lake Sarah,128366,546,18640,5,50.0,False
Williamsmouth,90910,395,21224,0,35.0,False
Karenstad,104691,432,47049,6,40.0,False
North Brenda,109997,691,32257,37,75.0,True
Millerland,117580,537,15132,9,50.0,False
Sethberg,79674,647,20060,23,60.0,True
Allenland,74092,456,38152,40,35.0,False
Amyland,33761,810,7167,29,75.0,True
Barbarastad,94789,391,5661,11,55.0,False
Kathrynmouth,141536,443,9124,36,60.0,True
South Michael,72600,621,25489,5,50.0,False
New Tiffanyton,53834,550,46858,35,35.0,False
New Reginald,93904,374,15617,24,50.0,False
Daymouth,57802,411,6624,11,45.0,False
Gonzalezmouth,76507,366,21793,21,45.0,False
Shawnside,134573,459,31799,9,50.0,False
Brownstad,63862,740,32025,13,70.0,True
Nelsonburgh,74608,385,10288,4,35.0,False
Savagehaven,66655,519,44885,16,35.0,False
Petersonport,145385,468,14015,22,60.0,True
Lake Samuel,108139,698,1650,35,85.0,True
West Elizabeth,121905,624,1929,9,70.0,True
Danielchester,145357,569,35124,0,40.0,False
North Jefferyborough,66211,730,46642,34,60.0,True
East Teresa,102848,314,25265,23,55.0,False
Lake Victormouth,31330,723,27895,22,50.0,False
Danielburgh,97715,769,29074,23,80.0,True
Mitchellchester,55042,590,47012,39,50.0,False
Port Maryland,41221,316,41387,26,25.0,False
Lake Seanshire,61635,333,44759,18,35.0,False
Wilsonfort,124381,427,23977,29,55.0,False
Smithstad,83271,529,34263,18,40.0,False
Nuneztown,94038,724,3141,0,65.0,True
Matthewshire,102768,740,16848,35,90.0,True
Port Sarahchester,129374,431,42698,24,50.0,False
South Jerry,61499,429,34046,7,30.0,False
Maryburgh,120519,630,14353,5,65.0,True
North Christine,92402,380,38473,24,40.0,False
Jacobbury,114659,604,13702,34,70.0,True
Townsendton,123302,581,6437,9,70.0,True
North Stephenville,94332,409,10295,18,50.0,False
Robertaborough,88743,700,7597,31,80.0,True
East Gracefurt,133931,621,42520,28,65.0,True
North Theresastad,32260,795,41239,38,60.0,True
East Catherineside,42196,323,34947,32,25.0,False
North Mark,68566,525,6468,8,45.0,False
Jeanport,59045,778,49837,31,70.0,True
Geraldview,83005,702,7743,37,80.0,True
Lake Tony,120673,756,28770,38,90.0,True
Pattersonshire,61890,661,25507,40,50.0,False
Brendaport,70135,843,24085,25,80.0,True
West John,117026,520,44054,23,50.0,False
Haleymouth,106225,518,31498,36,50.0,False
Campbellborough,78368,839,15251,6,85.0,True
New Patriciachester,92031,745,21826,20,85.0,True
West Robertville,102544,763,12215,38,90.0,True
Andrewshire,99588,304,31262,18,45.0,False
West Deannaland,75056,781,7233,26,90.0,True
Millermouth,85771,805,41129,3,70.0,True
Port Nathanielville,127771,329,15681,3,45.0,False
Perezland,102140,495,48455,23,45.0,False
North Brandonport,73357,376,18283,21,45.0,False
East Brandy,76112,422,9276,20,50.0,False
Walshville,122124,834,35576,15,90.0,True
Kendrafort,89473,531,7016,16,55.0,False
Lake Deborah,65509,510,46545,4,25.0,False
South Lori,70189,492,32958,6,30.0,False
Kathleenport,62951,764,43945,9,65.0,True
Paulmouth,60217,825,14305,25,85.0,True
Stephanieshire,45814,404,10652,29,35.0,False
Lopeztown,124540,787,44377,33,85.0,True
West Ryanberg,55242,706,33911,27,60.0,True
North Deborahchester,71359,498,20267,12,40.0,False
Stoneville,45670,351,43358,15,25.0,False
New Josephland,127370,844,7621,17,100.0,True
Longbury,100236,574,33451,13,50.0,False
Jessicaville,129901,489,33980,39,50.0,False
East Leslie,120461,371,11921,11,60.0,True
Pattersontown,54267,481,18290,4,30.0,False
Tarashire,55105,301,33001,15,35.0,False
Maryhaven,58361,815,11964,9,80.0,True
Shaunstad,126810,563,44477,31,50.0,False
Jenniferhaven,93464,795,8389,17,90.0,True
Chaseberg,66241,665,33625,1,35.0,False
Jamieland,124972,498,25758,40,55.0,False
Archerhaven,107278,479,18387,22,55.0,False
Kyleton,129641,832,46995,21,90.0,True
Keithtown,98765,810,45926,9,75.0,True
West Tommy,108222,366,20315,0,40.0,False
North Tracytown,67093,740,24085,0,60.0,True
North Jennifer,43176,446,49041,12,25.0,False
South Sarahbury,139134,695,28693,25,80.0,True
Carlaburgh,55443,746,45493,20,70.0,True
Derekside,68829,504,20730,19,40.0,False
South Kimberly,59816,747,7294,8,75.0,True
Taylorchester,77301,777,28558,26,80.0,True
Davisberg,53519,609,16902,37,55.0,False
Brianfurt,69618,428,27407,0,25.0,False
North Brianville,31854,641,39950,6,35.0,False
North Joyhaven,122801,354,46978,13,50.0,False
East Patty,100010,458,20719,40,55.0,False
Hansonborough,46591,417,5400,0,20.0,False
East Dale,65954,325,34148,28,35.0,False
Mcgrathbury,35965,566,41157,28,25.0,False
East Donaldbury,37146,474,34522,34,25.0,False
New Trevorview,102529,700,26285,6,70.0,True
Stephenshire,68290,698,1722,37,75.0,True
Williamsstad,121411,442,31664,29,50.0,False
West Rachel,46551,837,26599,32,65.0,True
Stephenberg,113606,585,44151,19,65.0,True
Bennettfort,143830,484,38751,32,50.0,False
Briannashire,128669,656,39305,39,65.0,True
East Colin,94340,408,33730,30,45.0,False
North Rachel,43446,478,48720,24,25.0,False
Dannyland,144389,752,25531,38,90.0,True
Lake Shannonberg,31607,504,13826,16,25.0,False
Cervantesborough,105243,388,39149,1,35.0,False
North Michael,67268,717,38243,34,60.0,True
Leeborough,91524,785,33823,22,80.0,True
South Ronaldfurt,92746,372,38299,5,35.0,False
Hallside,87733,638,2477,14,70.0,True
Warnerland,74657,461,19878,4,30.0,False
Reginaldton,54164,413,39192,30,35.0,False
West Robertborough,36734,642,4892,8,45.0,False
East Trevorshire,63092,336,23665,4,30.0,False
New Timothyberg,142947,577,48404,2,40.0,False
Ryanport,92616,533,2405,3,45.0,False
Flemingtown,44953,793,4417,24,75.0,True
Dunnville,137756,748,8732,39,95.0,True
East Jesseshire,38564,310,15884,26,25.0,False
Port Alexisbury,82521,358,6020,3,45.0,False
Carriebury,94454,599,9501,38,65.0,True
West Shawnaborough,39710,806,47219,22,65.0,True
Shellyside,105631,599,43837,15,60.0,True
North Michaelchester,112502,797,19335,5,85.0,True
West Judy,119974,515,9044,23,60.0,True
Lake Scott,37026,764,8486,1,55.0,False
North Joshuafurt,49887,807,2235,24,80.0,True
Lake Ryan,49555,353,44280,19,25.0,False
Sandraview,136318,521,2792,21,60.0,True
Port Danielfurt,103772,594,36046,29,65.0,True
Franciscofurt,69824,778,49865,15,70.0,True
Christopherbury,41164,602,23120,36,40.0,False
Kimberlytown,62530,427,21112,36,40.0,False
Fordmouth,45525,309,31568,2,15.0,False
South Brian,103147,381,19117,39,55.0,False
Katieview,130197,565,33435,8,45.0,False
East Dannyton,84548,488,45855,32,40.0,False
North Stephanie,109471,565,17871,1,40.0,False
New Jimmyville,108135,379,34222,28,50.0,False
Mariachester,133643,373,43066,27,50.0,False
Matthewchester,111057,683,31846,18,75.0,True
New Anthony,59581,516,21519,32,40.0,False
Shelbyfurt,131671,333,44061,9,45.0,False
East Arianashire,98494,728,36321,7,65.0,True
Hopkinshaven,79856,751,21770,17,80.0,True
Johnstad,89049,536,30872,20,45.0,False
Annland,149079,670,43816,30,75.0,True
New John,88028,717,45178,37,65.0,True
Leeland,68974,718,28592,32,60.0,True
South Alexis,142743,423,28435,16,55.0,False
East Mollychester,107139,324,46222,10,45.0,False
Gomezfurt,86207,547,47660,18,40.0,False
Lake Brandonstad,70026,759,27796,40,75.0,True
Gravesburgh,104531,821,6491,9,95.0,True
Graymouth,111399,480,34336,37,50.0,False
Petersonshire,37894,830,35419,37,65.0,True
Floresburgh,109905,446,3748,13,60.0,True
Coryport,127004,469,8769,18,60.0,True
Sheilaview,43006,408,16183,17,30.0,False
North Carmen,129973,340,36378,34,50.0,False
West Jamesshire,57235,736,48978,28,60.0,True
Lake Jasmineville,111987,755,29328,31,85.0,True
West Lindabury,57659,376,22437,10,40.0,False
Lake Haileyton,64687,743,7582,33,80.0,True
Lake Courtneybury,116563,440,39426,24,50.0,False
Hernandezburgh,40641,808,19520,8,60.0,True
North Ryan,50585,802,37551,39,75.0,True
Christinashire,61439,540,42793,22,35.0,False
West Elizabeth,52782,801,42289,25,75.0,True
North Sydney,102350,594,28498,28,65.0,True
Huberville,39838,655,46676,25,40.0,False
Burkebury,50517,329,20066,17,40.0,False
New Kelseyview,30350,625,27950,25,40.0,False
West Toddbury,83545,647,42698,2,45.0,False
New Jamie,89048,412,41193,39,40.0,False
Port Nicholasmouth,120357,661,37234,4,55.0,False
East Mary,107832,705,48043,14,70.0,True
Lewisbury,91592,313,3364,1,40.0,False
Williamsport,68175,608,2588,14,65.0,True
Port Kristenfurt,34278,434,49531,17,25.0,False
Smithside,60340,455,7262,37,45.0,False
Kristenchester,67762,824,49724,1,60.0,True
Bennettchester,122662,395,15565,26,55.0,False
South Andre,67056,808,48681,25,75.0,True
Walkertown,122141,706,16211,28,80.0,True
Douglasland,142670,397,37758,10,50.0,False
East Richardfort,89510,835,48384,36,80.0,True
Collinsmouth,39329,454,3392,20,40.0,False
Hannahside,120096,800,36755,31,90.0,True
Robertsonland,60595,407,28898,4,25.0,False
East Jamesville,64675,339,28799,31,35.0,False
Rossport,133262,420,29539,18,55.0,False
Christinastad,133710,469,10274,18,60.0,True
Aprilview,111927,783,31335,13,85.0,True
East Alice,107304,785,1643,20,95.0,True
West Jacquelineborough,116662,396,36240,29,50.0,False
North Michael,135369,531,23607,40,55.0,False
Silvaport,55928,676,41927,25,60.0,True
North Brittany,85723,405,48884,13,40.0,False
Riverashire,45043,583,49317,39,40.0,False
East Christopher,101376,450,10393,10,55.0,False
East Williammouth,59466,735,44571,30,60.0,True
Bennettfurt,114886,785,24264,19,90.0,True
East Sonia,49528,584,47618,9,35.0,False
Ginaside,149067,745,43735,22,85.0,True
Jessicaborough,64816,495,26064,23,35.0,False
Markstad,138348,559,33951,0,40.0,False
Sandersview,48643,580,41977,3,30.0,False
Osbornmouth,39359,802,12388,30,70.0,True
North Mikeberg,37816,481,9627,5,25.0,False
West Connorside,51747,584,13725,39,55.0,False
Rachaelburgh,133891,675,34838,0,60.0,True
North Jameshaven,70319,451,48772,17,35.0,False
Lake William,107993,477,42635,0,35.0,False
Carrollland,128167,774,6777,7,90.0,True
Brittanytown,138034,473,1684,13,60.0,True
West Mary,104607,495,49982,8,40.0,False
Donaldmouth,67828,723,15808,12,70.0,True
Heidiview,87560,394,33105,22,45.0,False
Gallegosburgh,46299,337,39353,24,25.0,False
Reedport,91433,512,23425,32,45.0,False
West Jeffery,120266,567,3060,7,55.0,False
Willisstad,69857,686,44142,37,60.0,True
Mistytown,121715,462,28617,30,55.0,False
Port Andrew,82757,767,39900,36,75.0,True
West Jennifer,65683,645,32624,25,50.0,False
South Ronaldview,95597,710,39867,1,50.0,False
New Karen,100776,433,44477,21,45.0,False
Port Michael,94722,705,11835,29,75.0,True
Kyleburgh,87377,541,14324,27,50.0,False
Adamburgh,40543,652,7547,30,50.0,False
Barnettmouth,108385,548,7279,24,60.0,True
Rachaelchester,35224,703,36003,4,40.0,False
East Nicoleburgh,146578,540,25191,23,55.0,False
Melendezbury,86626,441,33764,12,45.0,False
Valdezchester,126276,454,19675,19,55.0,False
Whitefurt,72247,829,7975,29,85.0,True
Laratown,109129,464,21907,8,50.0,False
Valdezfurt,62816,732,4572,19,75.0,True
Shawfort,33390,643,36063,23,40.0,False
Bergland,41970,453,1455,21,40.0,False
Grahammouth,60005,588,3611,7,60.0,True
Johnnymouth,118381,603,2542,34,75.0,True
Nguyenton,139570,414,24412,2,45.0,False
East Jessicafort,142789,741,19002,22,90.0,True
Williamsmouth,105392,681,3509,9,80.0,True
South Williamland,106955,645,42729,19,65.0,True
Jenniferland,32719,743,8630,12,65.0,True
Lake Lauren,130238,683,38574,30,75.0,True
West Walter,118117,346,40624,25,50.0,False
Clarkchester,137665,432,19007,17,55.0,False
East Jeffreymouth,65325,526,5176,39,50.0,False
Waltersmouth,105529,698,32169,35,75.0,True
Hernandezfort,35273,515,35880,10,25.0,False
Lake Tommystad,130022,385,14602,33,55.0,False
Johnsonshire,129125,470,41911,22,50.0,False
Angelafort,52962,540,25594,34,35.0,False
South Jefferyville,91669,596,12706,10,65.0,True
Bellborough,98021,728,40272,17,65.0,True
Wayneside,115394,701,15752,25,80.0,True
South Keith,87963,845,22892,29,85.0,True
Mccannchester,66458,493,42708,1,20.0,False
New Ashleychester,53788,323,22300,39,35.0,False
West Andrewfurt,106720,823,13650,10,95.0,True
Gilesborough,87132,630,9693,18,65.0,True
Sanchezmouth,113202,547,12591,29,55.0,False
Monicaburgh,136724,550,31291,4,45.0,False
Atkinsland,94451,727,18041,34,75.0,True
South Timothyton,41959,599,27109,2,30.0,False
Pattersonville,91605,406,10567,16,50.0,False
West Robert,75607,647,10302,15,65.0,True
South Rachelfort,83523,550,18039,21,50.0,False
Ashleyton,73687,443,10700,33,45.0,False
Jenniferport,72081,462,38200,40,35.0,False
Lake Linda,117835,431,10602,38,60.0,True
Port Jasonport,43710,451,39288,0,10.0,False
Woodsburgh,142424,652,43195,9,60.0,True
Grimesfort,51079,473,35421,30,35.0,False
West Jeffreyborough,73228,529,10836,17,45.0,False
West Victor,83955,312,49906,33,40.0,False
South Conniemouth,120921,819,5403,17,100.0,True
Port Brianshire,94942,835,17251,15,90.0,True
East Hannah,67777,767,12628,2,70.0,True
Lake Mariah,116846,365,9686,33,60.0,True
Marshallside,82488,352,21896,40,45.0,False
Gonzalezside,136635,520,40209,31,50.0,False
Lake Oliviaborough,129680,767,1032,16,95.0,True
West William,102102,826,19596,19,95.0,True
Connieville,34809,486,32954,0,10.0,False
East Cameron,89614,742,45104,19,75.0,True
East Kimberly,41542,537,14973,19,30.0,False
Lake Kevinborough,71224,458,22218,10,40.0,False
New Elaine,63082,633,34847,30,50.0,False
Jeremyview,72372,783,20897,23,75.0,True
Shannonchester,45194,702,28336,0,35.0,False
Debbieberg,131259,767,18970,1,75.0,True
Kennethstad,82976,324,22092,27,45.0,False
Port Jason,143365,815,29842,17,95.0,True
Davidshire,97449,781,4014,24,90.0,True
Valerieshire,138124,684,4887,6,80.0,True
Mcleanville,30150,783,9800,4,55.0,False
Port Edward,116200,606,38623,12,65.0,True
Angelaport,143949,322,10205,4,50.0,False
Rebeccamouth,101118,519,13067,20,55.0,False
Jonathantown,90552,443,8811,26,55.0,False
New Nathanielshire,84165,747,3102,32,90.0,True
Baileyland,37104,377,38047,5,20.0,False
New Sandraborough,54586,374,45823,27,35.0,False
Lake Mark,97952,486,43456,36,40.0,False
Prestonfurt,77419,600,1416,39,70.0,True
Hernandezbury,111609,634,35889,29,65.0,True
Patriciashire,129148,456,13376,9,50.0,False
Port Davidstad,95338,370,22460,20,50.0,False
Port Michael,111973,440,29812,7,45.0,False
South Brandon,87939,749,27160,12,80.0,True
East Williamshire,129613,828,8975,10,100.0,True
Karamouth,36764,725,13516,13,55.0,False
South Allenfurt,56680,730,27234,6,55.0,False
Bautistaport,65003,534,46954,5,30.0,False
West Jessicamouth,101987,346,10223,15,55.0,False
Lake Terry,47172,339,5009,38,35.0,False
Christinaburgh,67752,729,12299,11,70.0,True
West Natasha,87424,412,11641,1,35.0,False
Anthonytown,145454,639,2867,30,75.0,True
New Nicholashaven,121521,473,11365,6,55.0,False
North Tanyamouth,93532,725,36174,28,70.0,True
Thomasview,45915,431,22160,34,25.0,False
Vasquezshire,33783,500,9246,14,30.0,False
Lake Codyfurt,112578,589,41305,6,60.0,True
Markmouth,109806,832,34875,36,90.0,True
Donnashire,134767,335,26233,40,55.0,False
Lake Austin,61365,543,11609,25,45.0,False
Jacobshire,123032,715,30629,13,80.0,True
Dianahaven,50758,645,23102,11,50.0,False
Kathrynview,70730,364,24948,27,40.0,False
South Maria,102199,423,37075,18,50.0,False
Port Teresaburgh,31792,707,34482,12,50.0,False
Lake Julie,102384,838,40382,9,85.0,True
Amberhaven,83476,470,25541,10,45.0,False
Port Sarah,42217,455,36443,39,25.0,False
Phillipshaven,59451,731,32230,29,60.0,True
West Jeanetteport,140284,513,49068,39,50.0,False
East Timothy,149659,464,16890,25,55.0,False
East Mary,44871,372,15831,17,30.0,False
East Scott,90482,582,22461,0,50.0,False
Hallmouth,45396,605,9183,34,50.0,False
Nancyton,114896,690,17741,7,75.0,True
Blakebury,139070,835,7753,5,95.0,True
Copelandchester,50181,731,4712,40,75.0,True
Rebeccahaven,95323,636,28501,16,60.0,True
New Troy,123926,744,44622,17,85.0,True
Obrienfurt,68254,343,40430,6,30.0,False
North Tammybury,96698,669,39018,38,55.0,False
Deborahmouth,122459,771,38574,33,85.0,True
Caldwelltown,65838,521,38154,11,35.0,False
Phammouth,84459,559,24500,22,45.0,False
West Stephenview,139408,464,14721,35,55.0,False
Mullinsburgh,93242,811,6824,21,95.0,True
West Maria,91894,403,48313,5,35.0,False
Port Patrick,61946,571,47359,31,35.0,False
East Marcus,89871,414,13438,37,50.0,False
Katherineside,102255,482,27081,39,50.0,False
Phelpsberg,48958,648,35919,22,40.0,False
Christinaland,80277,631,15734,28,65.0,True
Anthonybury,54983,524,17079,14,40.0,False
Johntown,108561,794,29767,26,85.0,True
Port April,96616,709,42107,36,65.0,True
Lindaview,127818,741,25263,23,90.0,True
Chaseberg,145255,629,47034,15,65.0,True
Nicholsville,47892,533,48192,22,25.0,False
South Joseph,143249,354,31162,39,55.0,False
North Ann,39150,358,23780,30,25.0,False
Lake Joshuaview,66208,328,47767,38,35.0,False
Lake Shannon,131276,611,22661,14,70.0,True
Port Amber,133547,622,1444,39,75.0,True
New Brycechester,141989,465,49008,12,50.0,False
Port Howard,84387,806,48753,7,75.0,True
Ballardfurt,74548,785,10077,21,80.0,True
Kochfort,133247,392,13095,16,60.0,True
West Shannonville,96550,836,17893,1,75.0,True
Codytown,65018,841,1824,0,75.0,True
Micheleburgh,137551,493,42712,39,50.0,False
New Neil,30336,481,29881,11,25.0,False
New Pamelaville,67072,619,20099,6,50.0,False
South Jamesberg,125164,645,30797,35,70.0,True
West Johnberg,69132,545,33162,12,35.0,False
Cochranshire,139769,401,35068,5,45.0,False
Shermanborough,106931,589,21992,8,65.0,True
Powellfurt,106011,384,33143,1,35.0,False
Gayport,116499,356,35573,2,40.0,False
Lake Lee,94178,349,36015,1,30.0,False
Port Marciachester,143411,820,35339,11,95.0,True
North Stephen,49476,490,15520,20,30.0,False
North Sandraborough,88529,419,20034,0,35.0,False
Traceyfurt,100592,533,25365,25,50.0,False
Nicolechester,93483,617,14426,17,65.0,True
Ramirezborough,75236,799,17608,38,85.0,True
Andersonbury,73573,372,42785,7,30.0,False
New Mark,102340,562,45623,25,45.0,False
Danielville,129991,704,14246,5,75.0,True
South Timothyville,101228,534,3492,24,60.0,True
South Christina,79441,748,49388,9,70.0,True
Port Jason,89682,625,3867,36,70.0,True
Sandrastad,72176,773,14149,3,70.0,True
East Jackborough,143980,643,44123,28,65.0,True
Angelaberg,54727,625,4716,7,60.0,True
Lake Sarah,121422,679,3518,9,80.0,True
New Brianfurt,61300,422,15714,40,40.0,False
Pinedafurt,104946,589,45932,39,60.0,True
Salazarstad,80196,765,32400,9,70.0,True
Danaburgh,60613,697,17856,10,65.0,True
North Steve,142199,532,27360,8,50.0,False
Stephensonmouth,131652,763,30090,24,90.0,True
Lake Alyssa,83841,551,15218,12,50.0,False
Rachelside,35720,718,25563,19,50.0,False
Evanschester,71704,352,14068,13,45.0,False
Whitemouth,127609,324,46479,13,50.0,False
Lake Richard,91993,502,10875,26,50.0,False
Stewarthaven,122435,336,45314,6,45.0,False
West Melissamouth,149725,665,14304,9,70.0,True
Brandymouth,136352,786,23191,11,90.0,True
East Robert,79968,845,41520,26,80.0,True
Hannahbury,80604,416,44507,9,35.0,False
Kennedyfort,116991,474,2307,37,60.0,True
South Patricia,133860,803,45024,36,90.0,True
Caseyberg,137577,607,45392,25,65.0,True
Lake Malik,115461,385,24246,38,55.0,False
West Melissa,49936,496,34647,17,25.0,False
North Debra,94923,613,18243,28,65.0,True
Hopkinsmouth,34852,332,9562,39,30.0,False
South Norman,46547,336,46566,17,25.0,False
Russellmouth,95836,435,23691,16,50.0,False
Sellersland,107356,626,34344,7,60.0,True
North Gregory,73515,366,11092,36,45.0,False
Lake Alexandermouth,143993,372,11239,37,60.0,True
Kristiville,43154,424,4680,8,30.0,False
Lake Stephanietown,144581,743,45931,14,85.0,True
South Lisa,140761,807,40679,11,90.0,True
South Jacksontown,87711,381,12524,12,50.0,False
Lake David,43069,377,13333,11,30.0,False
Reidshire,98937,603,40423,26,55.0,False
Jillhaven,149333,307,43915,16,50.0,False
Cooperton,89890,740,6239,28,90.0,True
Helenland,32011,568,48654,20,25.0,False
Evansfort,124692,620,36777,12,65.0,True
Marshallmouth,48894,632,27426,29,40.0,False
Barnestown,83736,442,21756,24,45.0,False
East Brittany,144154,488,15220,6,50.0,False
North Tyler,115823,462,20891,35,55.0,False
Reynoldsburgh,50232,799,44633,3,60.0,True
Franklinberg,39807,540,34997,31,25.0,False
Carrberg,91537,842,19474,21,90.0,True
Annettefort,132436,364,2160,28,60.0,True
Port Rachel,64737,787,19384,35,75.0,True
West Kimberly,74375,534,47406,37,35.0,False
Zamoramouth,111691,823,7264,24,100.0,True
Fordview,120794,368,30457,24,50.0,False
West Melanie,82098,360,32047,15,45.0,False
Hoffmanview,115175,627,32765,20,65.0,True
New Cassie,40527,602,49065,3,30.0,False
Johnfurt,141642,733,46917,0,60.0,True
Lake Dawnchester,73065,380,25158,29,40.0,False
Petersmouth,141718,621,8061,17,75.0,True
Frankberg,118389,630,2111,7,70.0,True
West Marie,142635,684,37053,1,60.0,True
Christieton,99942,589,22234,36,65.0,True
East Edwardhaven,79808,467,47783,15,40.0,False
South Matthewland,71505,804,27251,34,80.0,True
New Mackenzie,112155,512,30392,10,50.0,False
North Deanna,124203,324,4439,14,60.0,True
Port Devin,146318,627,22164,24,70.0,True
Travischester,129536,369,3629,12,60.0,True
West Jacquelineshire,93956,676,34367,10,70.0,True
Josephstad,144344,823,26455,10,95.0,True
West Rachael,100912,702,8809,18,85.0,True
Harrisville,34705,342,26392,6,20.0,False
Marissaborough,110931,610,24654,29,70.0,True
Jaytown,38968,617,1810,13,55.0,False
Cortezmouth,60771,700,40440,10,60.0,True
North Christina,112727,300,3044,39,60.0,True
West Seanshire,119705,463,7372,3,50.0,False
Charleschester,67667,322,20494,2,30.0,False
North Samantha,59817,331,32228,11,35.0,False
Josephshire,127880,791,5147,9,90.0,True
South Ryanmouth,41846,722,12470,0,40.0,False
Harrisview,86881,324,44990,17,40.0,False
Lake Bradleyshire,42903,745,37630,31,60.0,True
Michaelstad,129663,767,31964,34,90.0,True
West Jill,113066,655,27673,11,70.0,True
Dylanfort,122260,717,24614,27,80.0,True
Debbiemouth,144370,468,3802,21,60.0,True
Amberburgh,43173,442,14488,25,30.0,False
New Daletown,88153,560,37074,10,40.0,False
Wilsonstad,51805,704,35283,25,60.0,True
East Daniellemouth,120964,459,46478,12,50.0,False
South Drewland,69251,613,16848,25,60.0,True
North Allen,148413,602,8934,13,75.0,True
Shaunville,33794,732,24430,25,50.0,False
Jaredchester,36028,789,42629,39,60.0,True
Florestown,72516,561,46916,30,35.0,False
South Haleystad,134352,802,2790,24,100.0,True
Kingland,37355,384,17081,40,25.0,False
New Tracey,68452,335,22159,19,40.0,False
Davisberg,76984,328,34180,28,40.0,False
Solisside,79131,349,17593,37,50.0,False
Carterburgh,86450,340,20024,38,50.0,False
East Timothybury,49080,305,26382,11,25.0,False
Michelleshire,62007,805,15990,28,80.0,True
South Tylerchester,99621,321,47426,33,40.0,False
Wellsview,84008,746,37522,27,75.0,True
Thomashaven,104177,549,10012,7,55.0,False
South Donna,119364,682,37527,16,75.0,True
Wilsonton,133877,537,14267,9,50.0,False
Briantown,53600,415,35377,17,35.0,False
West Samantha,52280,791,14995,12,75.0,True
South Angela,52946,372,10575,8,40.0,False
Palmerland,40350,468,17191,40,25.0,False
Port Jose,109887,361,29303,2,40.0,False
Peterbury,144142,430,32415,39,55.0,False
East Carol,80140,594,33580,4,45.0,False
Lake Patriciaberg,111226,340,25216,17,55.0,False
Kevinside,119539,634,21194,30,70.0,True
South Matthew,61566,801,23440,34,80.0,True
Sarahport,95230,825,15931,20,90.0,True
West Teresa,149646,496,22954,33,55.0,False
Port Chloe,106435,442,46110,18,45.0,False
Jamesmouth,48758,832,12364,7,65.0,True
New Kristy,60433,645,12998,31,60.0,True
Catherineview,90443,427,25678,35,45.0,False
Gibsonside,113611,583,34496,36,65.0,True
Larsonfort,63289,747,26354,20,70.0,True
North Melanieview,90236,410,36945,34,40.0,False
Harrisshire,63466,361,1645,7,45.0,False
Allenbury,117404,573,37216,22,50.0,False
Kathrynburgh,31231,692,14313,34,50.0,False
Lisaville,147821,397,17134,26,55.0,False
East Joshua,135464,303,16648,19,55.0,False
Lewisville,90981,383,27773,28,45.0,False
Johnsonview,148123,510,45126,31,50.0,False
South Williamfurt,67700,752,40751,13,70.0,True
Jacksonfurt,118815,512,15282,20,55.0,False
South Caroline,101643,780,2590,36,95.0,True
South Ashleystad,50706,690,2343,31,75.0,True
Scottbury,39681,575,25025,16,25.0,False
Port Barry,87898,690,24892,3,60.0,True
New Heatherton,75293,556,6194,33,55.0,False
Ramirezburgh,107014,534,27834,19,50.0,False
New Diamondburgh,69210,595,36909,30,50.0,False
New Jennifer,113746,368,7652,17,60.0,True
New Sarah,85615,551,1573,20,55.0,False
New Williamton,120480,703,9844,10,85.0,True
Audreyview,62780,773,17108,29,75.0,True
North Tonyaberg,89878,300,19822,29,50.0,False
Onealmouth,140795,832,24195,38,95.0,True
Alexandrachester,69599,470,33974,31,35.0,False
Meaganville,56111,722,26072,24,60.0,True
East Ryanberg,80422,760,39694,8,70.0,True
East Rebeccaview,141848,798,27164,29,90.0,True
South Susan,93335,551,10537,40,50.0,False
Blankenshipchester,43979,379,40206,18,25.0,False
Jonesmouth,61091,498,21338,32,40.0,False
Brianhaven,79986,523,42331,33,40.0,False
Reedmouth,104963,591,25115,3,60.0,True
Hamiltonhaven,77049,337,44667,35,40.0,False
Port Nicholas,105341,750,48936,40,80.0,True
New Patrickfurt,68780,525,3745,2,40.0,False
South Lauren,121655,455,28978,35,55.0,False
East Micheleview,68696,794,5331,14,85.0,True
Wilsonmouth,32875,650,41422,23,40.0,False
Crystalmouth,138794,839,11197,37,100.0,True
East Lisa,116275,744,32679,17,85.0,True
Williamsshire,81879,607,17884,6,60.0,True
East Steven,65976,456,7461,34,45.0,False
Kerrybury,31061,466,41832,30,25.0,False
South Richardchester,104177,457,28146,30,50.0,False
Joefort,143386,705,39562,13,75.0,True
West Erik,119889,634,39892,24,65.0,True
East Amberfort,132014,394,46703,9,45.0,False
Erikastad,127605,389,3649,10,60.0,True
North Christinaborough,36428,474,26615,31,25.0,False
Port Cheyenneberg,149356,366,31299,38,55.0,False
South Catherineport,109482,332,26781,21,55.0,False
Stephanieport,127671,600,43827,25,65.0,True
Elizabethborough,95107,546,31230,9,40.0,False
East Jennifer,139161,589,22805,20,70.0,True
Lake Elizabethside,148509,609,47472,13,65.0,True
Leeland,148349,350,3056,16,60.0,True
Bowersmouth,67512,760,9709,20,80.0,True
North Misty,131677,468,17423,26,55.0,False
East Johnfort,134708,584,14255,11,70.0,True
Laurenstad,60162,645,1179,6,60.0,True
Erinhaven,109569,580,35791,25,65.0,True
South Kayla,135110,340,30815,37,55.0,False
West Marvinchester,76179,364,32097,26,40.0,False
West Mary,58705,528,30443,16,35.0,False
Lake Rebecca,113442,560,26874,16,55.0,False
Allentown,54920,740,4130,4,75.0,True
Smithport,111381,352,33547,37,50.0,False
Port Jimmyfurt,62850,636,12615,34,60.0,True
Deborahfort,118835,321,7518,8,55.0,False
Emilychester,129035,465,28947,13,55.0,False
Kyleside,124493,370,5995,9,55.0,False
North Kimberly,130593,576,12729,7,55.0,False
Dixonfort,116400,584,6457,22,75.0,True
New Sierra,119241,318,41654,5,45.0,False
South Vickie,139882,659,2952,21,75.0,True
Lewisborough,47927,795,39427,4,50.0,False
Grantmouth,112345,696,22116,23,80.0,True
New Michaelstad,42735,646,28232,0,25.0,False
New Abigailville,148410,439,32026,31,55.0,False
New Lisamouth,112242,551,21451,34,55.0,False
West Elizabethberg,114717,564,25876,9,50.0,False
Charlesport,35167,607,27664,1,25.0,False
Port Derrickhaven,70492,402,24758,7,35.0,False
East Barbarashire,133364,380,16172,3,45.0,False
Port Jennifershire,87779,604,37199,19,55.0,False
Samanthachester,34373,395,44115,21,25.0,False
Williamsstad,105965,715,36518,6,70.0,True
North Matthew,77823,489,43499,36,40.0,False
Robinsonberg,125991,473,49356,32,50.0,False
Barbaraborough,47224,804,36885,15,65.0,True
Port Allison,41813,652,9926,25,50.0,False
Johnville,149226,730,17711,38,80.0,True
New Jack,68680,422,44976,15,35.0,False
Lake Charlesfurt,72823,436,15295,17,45.0,False
Port Heatherchester,127973,409,23371,13,55.0,False
Port Miguelchester,84460,687,44222,33,65.0,True
East Paul,53021,492,44637,15,35.0,False
Fordton,56318,361,31064,33,35.0,False
West Joshua,47322,736,1902,30,65.0,True
Kevinbury,133089,760,14167,17,90.0,True
Walkerberg,100701,317,16363,31,55.0,False
North Joseph,144879,679,35211,16,80.0,True
Julietown,77953,364,38169,6,35.0,False
Lake Tyler,99579,841,1220,9,90.0,True
Bradleytown,95771,792,13675,11,85.0,True
Heatherview,149732,504,42212,25,50.0,False
Codyfort,65720,500,17048,20,40.0,False
New Mathew,138851,533,29234,35,55.0,False
East Robert,51567,344,14432,29,40.0,False
Higginsbury,63681,519,15317,23,45.0,False
Martinezview,149806,760,14702,5,90.0,True
Kylieside,138093,546,3894,30,60.0,True
Port Tracyborough,93156,721,22675,6,70.0,True
Aaronstad,135708,665,30645,35,70.0,True
Lake Joshuaburgh,68684,460,16349,2,35.0,False
West Steven,127853,760,15786,39,90.0,True
West Courtney,144084,606,46007,27,65.0,True
Grayburgh,74396,683,3302,34,75.0,True
Port Ericland,135412,457,28200,6,50.0,False
Oliviaburgh,45095,845,44287,36,65.0,True
Ramirezview,91385,519,49065,1,25.0,False
Hoshire,39869,418,46515,8,20.0,False
New Timothyshire,48449,438,4462,33,40.0,False
North William,128848,375,16826,34,55.0,False
Joseside,59571,439,12685,2,35.0,False
Lake Daisy,142740,830,10687,39,100.0,True
Lake Kathleenmouth,118647,468,45652,17,50.0,False
Port Elizabethtown,124924,331,6481,20,60.0,True
North Haileyfort,118395,400,29768,34,50.0,False
Lake Edwardstad,82089,620,25841,7,55.0,False
Joseland,140853,451,40344,36,50.0,False
East Gregoryport,135458,813,41740,2,80.0,True
Johnsonton,103048,302,44387,16,45.0,False
West Jenniferview,77942,842,10827,25,90.0,True
Williammouth,41836,678,44340,3,40.0,False
Blairside,133636,340,41961,30,50.0,False
Montgomerytown,81717,838,13108,8,85.0,True
Port Peterhaven,31824,427,37424,33,25.0,False
New Stacy,64663,810,17319,33,80.0,True
South Josephberg,100329,367,10273,25,55.0,False
Rickeyburgh,46199,321,16906,26,30.0,False
Lewisport,89609,557,6384,29,55.0,False
Moorestad,78311,597,3773,11,70.0,True
Amyburgh,118188,600,13561,1,55.0,False
Michellehaven,128174,843,34109,1,75.0,True
Port Toni,118125,639,48546,8,55.0,False
Benjaminton,64362,598,16651,13,55.0,False
Jameshaven,106619,563,39477,20,50.0,False
Port Curtis,79941,396,47616,38,40.0,False
New Brandonborough,137795,546,39883,5,45.0,False
Schneiderbury,113695,340,27650,2,45.0,False
Changmouth,78689,698,7246,29,80.0,True
North Rhondaborough,44201,327,2926,37,40.0,False
Port Carla,118452,313,17016,24,55.0,False
Mackenzieville,60647,725,1201,39,75.0,True
Denniston,91797,378,21396,38,50.0,False
Danielport,33280,531,16161,25,25.0,False
Port Wendy,111205,499,12180,10,55.0,False
Jonesview,145898,337,46574,18,50.0,False
Port Michaeltown,103584,645,16574,31,70.0,True
New Heatherville,72992,431,28952,1,25.0,False
New Nicolestad,149964,699,27072,38,80.0,True
Lake Stanley,109964,628,49834,13,60.0,True
Michaelchester,59015,821,37063,11,75.0,True
Colemanside,114889,446,41709,13,50.0,False
East Kevinside,38285,305,35590,28,25.0,False
South Brandon,113283,539,43279,23,50.0,False
Shannontown,137984,348,34252,23,55.0,False
North Jennifer,90852,763,17727,37,85.0,True
Wangshire,149195,684,44042,18,75.0,True
Davishaven,121891,602,10514,34,75.0,True
East Mark,69608,405,20294,1,25.0,False
East Pamela,115097,410,13121,14,55.0,False
Elliottton,83516,717,41777,1,50.0,False
Comptontown,45292,752,12397,13,65.0,True
West Elizabeth,48320,670,43610,15,50.0,False
Port Loriport,35943,303,23589,26,25.0,False
Petersonside,34877,450,27622,37,25.0,False
Claytonside,69893,691,38546,24,60.0,True
North Anna,94569,736,7439,9,75.0,True
Tinaville,45220,557,13585,17,30.0,False
Melissaview,42739,341,2930,10,40.0,False
Burkefurt,60775,364,4614,7,45.0,False
North Elizabethmouth,146294,326,4140,4,50.0,False
West Crystalland,100457,629,4560,29,75.0,True
Port Brandi,47781,753,43078,26,60.0,True
Josephfort,80940,751,30012,38,80.0,True
Mcclurefurt,89459,721,45000,8,60.0,True
Lake Moniquefort,78629,693,4125,10,80.0,True
Andrewhaven,117881,846,18222,4,85.0,True
East Stephaniemouth,127404,666,47852,10,65.0,True
Stephensland,121289,775,1697,13,95.0,True
North Carrietown,100804,688,8380,14,85.0,True
Davidfort,84935,653,25640,7,55.0,False
Kurtshire,106983,350,48578,10,45.0,False
Carterton,127290,396,29256,17,55.0,False
East Rebeccafort,125236,825,12161,11,100.0,True
Shannonshire,50253,849,12953,6,75.0,True
Jacksonside,146052,648,49139,31,65.0,True
Delacruzbury,84379,548,8535,32,50.0,False
West Jeremymouth,115841,323,33297,37,50.0,False
South Timothyton,42978,712,33536,15,50.0,False
West Kathyfurt,139273,447,6528,10,60.0,True
North Victoria,94139,674,1972,21,80.0,True
Richardberg,110694,374,35264,11,50.0,False
Novakton,83492,847,45686,17,80.0,True
East Davidton,66666,638,3222,38,65.0,True
Proctorview,34288,819,20127,8,60.0,True
Lake Christopherstad,120476,762,42029,34,85.0,True
Lake Dianaland,78566,665,12733,15,65.0,True
New Kayla,58477,491,2718,39,50.0,False
Lake Courtneymouth,88115,806,41005,34,80.0,True
Wagnerberg,88287,432,21979,33,50.0,False
Erintown,60947,708,43175,11,60.0,True
Nicolestad,142125,699,25965,39,80.0,True
East Joshuaside,77537,480,49920,21,40.0,False
Murrayfurt,43022,500,10198,22,35.0,False
Lake Stephanie,119873,845,49454,36,85.0,True
Port Shelia,78147,405,23294,25,45.0,False
Jacobmouth,101364,794,12658,21,90.0,True
Port Heather,148187,651,35717,38,70.0,True
New Jenniferstad,114518,674,2681,31,85.0,True
Alexismouth,77012,799,45571,18,75.0,True
Lake Patriciashire,37936,376,8418,30,35.0,False
Brandiview,82184,338,6636,23,55.0,False
East Jessicastad,66160,519,28491,30,35.0,False
New Josephberg,54878,411,19578,5,35.0,False
Lake Brittanyfort,46011,361,40653,8,20.0,False
Port Willie,141153,656,27358,10,70.0,True
Butlermouth,138028,818,28231,28,95.0,True
South Janice,89600,822,23104,17,85.0,True
Lauramouth,42015,594,12650,32,45.0,False
Port Heathermouth,116870,326,9921,0,45.0,False
Danielleshire,57801,537,5767,15,50.0,False
Port Markmouth,114109,370,14654,0,40.0,False
Petersburgh,113819,402,19606,19,55.0,False
Willisfort,108269,447,33740,14,50.0,False
Dawnberg,32799,306,9502,23,30.0,False
Keithland,36629,838,15315,11,65.0,True
East Mary,133126,429,14119,38,55.0,False
Claireton,73713,686,49384,0,45.0,False
Mooreside,61925,774,23610,1,60.0,True
Lake Stephenburgh,46505,658,32462,29,40.0,False
Timothyfurt,133150,458,38435,2,40.0,False
Reyesside,104000,546,48812,6,40.0,False
Hornefort,56896,479,5149,29,50.0,False
New Diana,38992,490,2918,20,40.0,False
Lake Robert,138765,475,7606,27,60.0,True
Joelside,130290,447,16496,10,55.0,False
West Angela,102641,615,18483,26,70.0,True
Robinsonfurt,57152,596,17196,1,40.0,False
Carrville,106858,484,30283,38,50.0,False
New Grant,58305,371,11622,3,35.0,False
Higginsborough,136568,802,47394,20,90.0,True
East Edward,143992,400,9828,23,60.0,True
East Benjamin,60539,345,18387,35,40.0,False
Baileyborough,73064,681,44735,32,60.0,True
Port Maryton,131498,506,2136,17,60.0,True
Port Ashleyshire,49340,628,8174,29,50.0,False
Port Jessica,133369,395,2496,9,55.0,False
Elizabethland,148034,610,14031,30,75.0,True
New Madelinetown,108116,725,31808,5,70.0,True
East Raymondberg,30371,455,8573,13,30.0,False
Ortizberg,66342,354,8547,38,45.0,False
Powellberg,142513,485,3742,7,55.0,False
Dorothyhaven,48964,748,17297,12,65.0,True
Ashleychester,47038,689,23106,13,50.0,False
Kimberlyville,100807,453,19484,11,55.0,False
Garrettberg,62853,645,1572,36,65.0,True
Nicholastown,134662,498,46916,23,50.0,False
Port Sarahshire,52871,653,9401,37,60.0,True
East Joshuachester,44408,667,37024,20,40.0,False
East Meghan,116646,565,5911,9,55.0,False
Martinezburgh,143567,790,16126,35,90.0,True
South Ronaldshire,33379,322,28023,14,25.0,False
West Luisburgh,47275,307,15538,18,30.0,False
Rebeccafurt,31947,808,37990,40,65.0,True
West Scottstad,76955,680,19680,27,70.0,True
East Maryview,133544,772,29454,0,75.0,True
North Jaredchester,133341,535,7578,28,60.0,True
South Zachary,61186,313,34872,6,30.0,False
New Anthony,107182,410,23460,3,45.0,False
Garciaton,72437,773,47702,14,70.0,True
Michaelhaven,32068,582,33245,19,40.0,False
North Andre,52838,745,12909,22,80.0,True
Warnerview,64782,808,2945,13,90.0,True
New Richard,36868,750,17660,27,60.0,True
Brendahaven,46614,546,10058,30,35.0,False
Colemanport,127218,638,42080,37,65.0,True
Chapmanmouth,85176,427,17535,2,40.0,False
Port Jenniferview,98955,303,21646,15,50.0,False
North Jonathan,44896,813,3483,37,80.0,True
Loganhaven,127735,804,42869,14,90.0,True
Port Robertside,38330,599,7688,26,50.0,False
Mitchellton,92422,796,32450,36,80.0,True
Samuelborough,88756,827,44891,37,80.0,True
Romanland,131976,570,11822,27,60.0,True
North Christopher,77453,356,11378,1,35.0,False
East Mikeshire,97271,825,40024,32,80.0,True
North Christopher,107812,755,2468,34,95.0,True
Port Loriland,44293,708,18041,19,50.0,False
Alejandrabury,89245,750,34216,23,80.0,True
West Amberchester,96039,785,21984,30,85.0,True
South Anna,59038,606,40038,25,50.0,False
New Patricia,110623,576,11836,38,55.0,False
Barberfurt,35683,788,44554,40,60.0,True
West Rebeccaland,125321,733,8372,22,85.0,True
East Tony,132659,529,22843,24,55.0,False
Whiteton,149111,731,47006,40,75.0,True
Lake Joseph,143636,739,2679,17,85.0,True
East Annville,116363,695,10328,10,85.0,True
Hillside,98347,428,1022,32,55.0,False
Amandaside,69535,813,15939,39,85.0,True
Mendozahaven,90036,755,40448,36,75.0,True
West Charlesville,114323,554,24445,38,55.0,False
Lake Richard,34082,538,14981,30,25.0,False
North Samantha,37972,628,37457,32,40.0,False
East Michaelview,92781,609,33479,9,55.0,False
Port Jamesport,141057,580,2851,36,75.0,True
Mosleyland,82640,828,9308,16,90.0,True
New Ambertown,85872,710,31259,35,70.0,True
Blackville,119928,531,22394,39,55.0,False
Lake Theresa,44150,705,46644,39,50.0,False
Haleyland,94260,635,23300,37,65.0,True
North Christinaburgh,123375,359,46052,30,50.0,False
West Danielfort,149236,380,28687,3,45.0,False
Clarkmouth,88138,554,27921,8,40.0,False
South Toddton,39632,325,39936,36,25.0,False
Haroldport,147868,685,25578,17,80.0,True
Reynoldschester,40589,351,22422,27,25.0,False
Leroystad,72219,801,30038,21,75.0,True
Kaylabury,109730,496,34188,38,50.0,False
Jonathanfurt,49442,690,9572,40,60.0,True
North Randymouth,38609,655,16001,3,30.0,False
North Gregory,46540,601,12864,28,45.0,False
Collinsberg,66046,623,41191,4,40.0,False
North Nathanhaven,111830,557,35957,33,50.0,False
North Thomashaven,112978,705,32535,31,75.0,True
Scotttown,106724,579,30236,8,45.0,False
Jonesville,101874,468,4504,13,60.0,True
Petersonchester,123343,654,46641,37,65.0,True
Spencerburgh,72622,677,18349,32,65.0,True
New Mark,79925,559,24725,17,45.0,False
Deniseport,108301,778,23186,9,85.0,True
East Eric,99541,758,19708,34,85.0,True
South Samuelfurt,68652,511,16918,18,45.0,False
North James,89469,688,45897,10,65.0,True
Lake Amyland,96263,696,17183,2,65.0,True
Lynchbury,109354,632,48132,34,60.0,True
West Melanie,86387,612,1774,2,60.0,True
New Cesarfurt,42999,751,32075,32,60.0,True
Vanessaview,133952,560,17671,23,55.0,False
Port Amanda,121983,670,46117,4,65.0,True
North Darlenemouth,44996,546,43182,38,25.0,False
Morganfurt,141777,735,39425,33,75.0,True
West Victoriamouth,115814,792,38930,8,80.0,True
West Nicholas,115316,337,6868,38,60.0,True
West David,145042,508,37486,14,50.0,False
East Theresaside,130789,811,2971,25,100.0,True
East Zachary,102264,827,4235,36,100.0,True
Port Darylburgh,124481,535,12516,0,40.0,False
Grayton,143441,330,34287,40,55.0,False
Espinozaville,58183,311,36896,5,30.0,False
West Bryanbury,86370,596,21927,15,60.0,True
Port Timothychester,89186,441,13778,20,50.0,False
North Adamtown,146403,768,27494,11,90.0,True
Stephanieshire,59949,688,29674,4,50.0,False
Christophertown,84239,702,25311,19,70.0,True
West Aaron,74424,757,36497,20,70.0,True
Kelseyfort,138451,342,35261,39,50.0,False
Barnesborough,89441,601,37304,9,50.0,False
Mooremouth,82262,315,35600,14,40.0,False
South Allisonfort,84524,374,24860,1,30.0,False
Anthonyshire,125631,765,25710,1,75.0,True
East Ryanstad,42463,765,42357,33,60.0,True
West Tiffanyside,70966,305,38462,23,35.0,False
Matthewmouth,85936,420,31183,31,45.0,False
South Kenneth,70963,489,5890,6,45.0,False
West Christopher,117177,712,10028,27,85.0,True
Cookshire,63408,376,30443,3,25.0,False
Jenniferstad,79060,572,9643,6,45.0,False
Basston,50006,626,29515,32,50.0,False
Tylertown,120023,318,49124,3,35.0,False
Robertton,92163,770,12251,13,85.0,True
New Frank,38799,635,48259,17,40.0,False
East Haley,41957,763,16752,5,60.0,True
Adamland,139022,360,24031,35,55.0,False
New Nathantown,41188,482,31397,6,20.0,False
